comment,time,rating,sentiment
"Phá»¥c vá»¥ kÃ©m, nhÃ¢n viÃªn háº¹n tuáº§n sau Ä‘áº¿n xem cÃ³ thá»ƒ Ã¡p dá»¥ng chÆ°Æ¡ng trÃ¬nh nhÆ°ng láº·n lá»™i xa Ä‘áº¿n, Ä‘á»£i 1 tuáº§n mua Ä‘á»“ Äƒn háº¿t Ä‘á»ƒ xem láº¡i nÃ³i khÃ´ng Ä‘Æ°á»£c Ã¡p dá»¥ng chÆ°Æ¡ng trÃ¬nh. ÄÃ£ khÃ´ng cháº¯c thÃ¬ Ä‘á»«ng háº¹n khÃ¡ch lÃ m máº¥t há»©ng máº¥t tgian tá»‘n cÃ´ng sá»©c :))",2 thÃ¡ng trÆ°á»›c,1 sao,khÃ´ng hÃ i lÃ²ng
"Ráº¡p chiáº¿u phim ngay bÃªn trong khu vui chÆ¡i Helio, cÃ³ thiáº¿t káº¿ Ä‘áº¹p vÃ  Ä‘áº·c sáº¯c.
Phá»¥c vá»¥ nhanh nháº¹n, nhiá»‡t tÃ¬nh.
Danh má»¥c chiáº¿u cÃ¡c phim tÆ°Æ¡ng tá»± nhÆ° CGV.",7 thÃ¡ng trÆ°á»›c,4 sao,hÃ i lÃ²ng
"- Náº±m 1 bÃªn khu cÃ´ng viÃªn ChÃ¢u Ã.
- Rá»™ng rÃ£i, thoÃ¡ng, decor Ä‘áº¹p.
- MÃ¬nh xem ráº¡p nhá» vá»›i sá»‘ gháº¿ Ã­t. GiÃ¡ 55.000VND 1 vÃ©, náº¿u gháº¿ Ä‘Ã´i thÃ¬ 120.000VND â€¦",má»™t nÄƒm trÆ°á»›c,5 sao,hÃ i lÃ²ng
"Tráº£i nghiá»‡m cá»±c kÃ¬ tá»‡ tá»« thÃ¡i Ä‘á»™ nhÃ¢n viÃªn Ä‘áº¿n báº¯p nÆ°á»›c. NhÃ¢n viÃªn lÃ m khÃ³ khÃ¡ch hÃ ng cho dÃ¹ láº·n lá»™i tá»« xa, thá»i tiáº¿t mÆ°a giÃ³ Ä‘áº¿n ráº¡p xem mÃ  nhÃ¢n viÃªn tiáº¿p Ä‘Ã³n cá»±c kÃ¬ tá»‡ (ko chÃ o khÃ¡ch, váº» máº·t báº¥t cáº§n) vÃ  nháº¥t quyáº¿t ko cho khÃ¡ch vÃ o ráº¡p máº·c â€¦",má»™t thÃ¡ng trÆ°á»›c,1 sao,khÃ´ng hÃ i lÃ²ng
"VÃ© bÃ¡n ghi HD mÃ  cháº¥t lÆ°á»£ng hÃ¬nh áº£nh quÃ¡ tá»‡ nhÆ° SD. PhÃ²ng thÃ¬ nÃ³ng, cháº¥t lÆ°á»£ng Ã¢m thanh quÃ¡ tá»‡. ChÆ°a bao giá» Ä‘i coi phim ráº¡p mÃ  cháº¥t lÆ°á»£ng cÃ²n thua tivi, mÃ¡y tÃ­nh",3 tuáº§n trÆ°á»›c,1 sao,khÃ´ng hÃ i lÃ²ng
Ráº¡p phim sáº¡ch sáº½ . Chiáº¿u Ä‘Ãºng giá» cháº¥t lÆ°á»£ng hÃ¬nh áº£nh tá»‘t . chá»‰ cÃ³ báº¥t tiá»‡n lÃ  nhÃ  vá»‡ sinh á»Ÿ khu khÃ¡c nÃªn báº¥t tiá»‡n . NhÃ¢n viÃªn hÆ¡i cháº­m trong viá»‡c tÆ° váº¥n khÃ¡ch,9 thÃ¡ng trÆ°á»›c,4 sao,hÃ i lÃ²ng
"nhÃ¢n viÃªn nhiá»‡t tÃ¬nh, hÆ°á»›ng dáº«n nhiá»‡t tÃ¬nh, cÃ³ cÆ¡ há»™i sáº½ Ä‘áº¿n láº§n haii",2 thÃ¡ng trÆ°á»›c,5 sao,hÃ i lÃ²ng
"Ráº¡p cÃ³ cháº¥t lÆ°á»£ng tá»‘t tá»« dá»‹ch vá»¥ Ä‘áº¿n cÆ¡ sá»Ÿ háº¡ táº§ng, náº±m bÃªn cáº¡nh khu vá»±c Helio sáº§m uáº¥t. NhÃ¢n viÃªn vui váº» nhiá»‡t tÃ¬nh vá»›i khÃ¡ch hÃ ng, KhÃ¡ch hÃ ng cáº§n tÆ° váº¥n gÃ¬ Ä‘á»u Ä‘Æ°á»£c giáº£i Ä‘Ã¡p vÃ  cÃ³ quáº§y Guess Service chÄƒm sÃ³c khÃ¡ch hÃ ng ráº¥t tá»‘t.Ráº¡p phim Ä‘Ã¡ng xem nÃªn thá»­ 1 láº§n.",má»™t thÃ¡ng trÆ°á»›c,5 sao,hÃ i lÃ²ng
Ráº¡p chiáº¿u film nÆ¡i Ä‘Ã¢y ráº¥t ok. Gháº¿ ngá»“i cÅ©ng thoáº£i mÃ¡i. KhÃ´ng cáº§n máº¥t quÃ¡ nhiá»u thá»i gian Ä‘á»ƒ di chuyá»ƒn tá»« bÃ£i Ä‘á»— xe Ä‘á»ƒ vÃ o Ä‘áº¿n ráº¡p,11 thÃ¡ng trÆ°á»›c,5 sao,hÃ i lÃ²ng
"NhÃ¢n viÃªn nhiá»‡t tÃ¬nh pv tá»‘t. VÃ© ráº»
NhÆ°nggg mÃ¹a Ä‘Ã´ng ngá»“i trong ráº¡p cá»Ÿi háº¿tt Ã¡o khoac rá»“i váº«n nÃ³ng ghÃª gá»›m, Ä‘á»• cáº£ má»“ hÃ´i â€¦",2 thÃ¡ng trÆ°á»›c,3 sao,trung bÃ¬nh
"NgÃ y lá»… mÃ¬nh chá»Ÿ 2 bÃ© con Ä‘i xem phim, trÆ°á»›c Ä‘Ã³ mÃ¬nh cÃ³ mua 1 chai nÆ°á»›c lá»c vÃ  váº«n chÆ°a má»Ÿ ra. Tá»›i giá» soÃ¡t vÃ© mÃ¬nh vÃ o xem thÃ¬ cÃ¡c báº¡n khÃ´ng cho mÃ¬nh mang chai nÆ°á»›c vÃ o vá»›i lÃ­ do khÃ´ng cho mang thá»©c Äƒn, nÆ°á»›c uá»‘ng bÃªn ngoÃ i vÃ o ráº¡p nÃªn mÃ¬nh â€¦",4 thÃ¡ng trÆ°á»›c,1 sao,khÃ´ng hÃ i lÃ²ng
"Äi xem phim kh Ä‘em theo CMND bá»‹ nv Ä‘uá»•i vá»,quÃ¡ tá»‡",má»™t tuáº§n trÆ°á»›c,1 sao,khÃ´ng hÃ i lÃ²ng
"Ráº¡p mÃ n hÃ¬nh lá»›n, Ã¢m thanh trung thá»±c, ráº¡p má»›i hÆ¡n so vá»›i nhá»¯ng ráº¡p khÃ¡c á»Ÿ ÄÃ  Náºµng. KhÃ´ng gian chá» ráº¥t rá»™ng vÃ  Ä‘áº¹p. Äáº·c biá»‡t báº¯p phÃ´ mai á»Ÿ Ä‘Ã¢y ngon hÆ¡n nhá»¯ng ráº¡p khÃ¡c. NhÆ°á»£c Ä‘iá»ƒm duy nháº¥t theo mÃ¬nh lÃ  nhÃ  vá»‡ sinh hÆ¡i xa ráº¡p, nÃªn lÃºc Ä‘ang â€¦",4 nÄƒm trÆ°á»›c,5 sao,hÃ i lÃ²ng
"Ráº¡p náº±m ngay táº§ng 1 gá»­i xe phÃ¡t vÃ o coi luÃ´n. NhÃ¢n viÃªn dá»… thÆ°Æ¡ng, lá»… phÃ©p. Äi coi phim khÃ¡ lÃ  cÃ³ khÃ´ng khÃ­ Ä‘iá»‡n áº£nh :))",2 thÃ¡ng trÆ°á»›c,5 sao,hÃ i lÃ²ng
"Xem film cÅ©ng nhiá»u láº§n á»Ÿ Ä‘Ã¢y rá»“i, chá»— ngá»“i thoáº£i mÃ¡i, lÃ¢u lÃ¢u cÃ³ cÃ¡c báº¡n tuá»•i genZ hÆ¡i hiáº¿u Ä‘á»™ng nÃªn nÃ³i hÆ¡i khÃ³ chá»‹u má»™t chÃºt, vá»›i mÃ¬nh xem thÃ¬ view hÃ ng G, H, I lÃ  vá»«a táº§m nhÃ¬n",4 thÃ¡ng trÆ°á»›c,4 sao,hÃ i lÃ²ng
"NhÃ¢n viÃªn nhiá»‡t tÃ¬nh, dá»… thÆ°Æ¡ng, hÆ°á»›ng dáº«n khÃ¡ch táº­n tÃ¬nh.

PhÃ²ng chiáº¿u báº­t Ä‘iá»u hÃ²a vÃ  cÃ³ mÃ¹i Ä‘iá»u hÃ²a mÃ  mÃ¬nh ghÃ©t cÃ¡i mÃ¹i nÃ y, cáº£m giÃ¡c â€¦",má»™t nÄƒm trÆ°á»›c,4 sao,hÃ i lÃ²ng
"- KhÃ´ng gian check in táº¡m á»•n
- GiÃ¡ vÃ© : KHÃ”NG xá»©ng Ä‘Ã¡ng vá»›i cháº¥t lÆ°á»£ng ráº¡p vÃ  Service.
- PhÃ²ng chiáº¿u : â€¦",5 nÄƒm trÆ°á»›c,3 sao,trung bÃ¬nh
khÃ´ng gian rá»™ng rÃ£i thoÃ£ mÃ¡i  tuáº§n nÃ o tÃ´i cÅ©ng dáº«n lÅ© tráº» vÃ o Ä‘Ã¢y chÆ¡i.,3 tuáº§n trÆ°á»›c,5 sao,hÃ i lÃ²ng
"Mang phong cÃ¡ch hoÃ i niá»‡m
TÃ¢ng 1 cÃ³ khu vui choi",2 tuáº§n trÆ°á»›c,5 sao,hÃ i lÃ²ng
Ráº¡p quy mÃ´ lá»›n. CÃ³ khu vui chÆ¡i giáº£i trÃ­  giÃ n cho má»i lá»©a tuá»•i.,7 thÃ¡ng trÆ°á»›c,5 sao,hÃ i lÃ²ng
"Ráº¡p metiz dá»… tÃ¬m Ä‘Æ°á»ng, thiáº¿t káº¿ Ä‘áº¹p nhÆ°ng gháº¿ ngá»“i trá»ng ráº¡p phim bá»‹ má»i cá»• dÃ¹ ngá»“i gháº¿ xa váº«n bá»‹.
ÄÆ°á»£c cÃ¡i nhiá»u gÃ³c chá»¥p hÃ¬nh, gáº§n helio nÃªn cÅ©m okie",5 thÃ¡ng trÆ°á»›c,5 sao,hÃ i lÃ²ng
"RaÌ£p Ä‘Æ°Æ¡Ì£c thiÃªÌt kÃªÌ quaÌ Ä‘eÌ£p, Ä‘uÌng chÃ¢Ìt HÃ´Ì£i An, miÌ€nh chÆ°a diÌ£p traÌ‰i nghiÃªÌ£m phoÌ€ng chiÃªÌu nhÆ°ng seÌƒ quay laÌ£i!",3 nÄƒm trÆ°á»›c,5 sao,hÃ i lÃ²ng
Tháº¥t vá»ng vá» cháº¥t lÆ°á»£ng dá»‹ch vá»¥ vÃ  cháº¥t lÆ°á»£ng nhÃ¢n viÃªn. NhÃ¢n viÃªn thÃ¡i Ä‘á»™ vá»›i khÃ¡ch,má»™t thÃ¡ng trÆ°á»›c,1 sao,khÃ´ng hÃ i lÃ²ng
"KhÃ´ng gian rá»™ng rÃ£i, thiáº¿t káº¿ Ä‘áº¹p, náº±m á»Ÿ vá»‹ trÃ­ Ä‘áº¯c Ä‘á»‹a ráº¥t dá»… tÃ¬m Ä‘Æ°á»ng. GiÃ¡ cáº£ dá»… chá»‹u hÆ¡n so vá»›i cÃ¡c há»‡ thá»‘ng khÃ¡c mÃ  cháº¥t lÆ°á»£ng láº¡i tá»‘t hÆ¡n, nháº¥t lÃ  vá» Ã¢m thanh. NhÃ¢n viÃªn hÆ¡i hiá»n, Ä‘Ã´i khi cÃ³ KH lÃ m á»“n trong ráº¡p nhÆ°ng Ã­t bá»‹ nháº¯c nhá»Ÿ",2 nÄƒm trÆ°á»›c,5 sao,hÃ i lÃ²ng
Máº¥y anh chá»‹ á»Ÿ Ä‘Ã¢y vÃ´ cÃ¹ng dá»… thÆ°Æ¡ng luÃ´n Ã½... ráº¡p sáº¡ch sáº½ Ã¢m thanh vÃ  hÃ¬nh áº£nh cÅ©ng khÃ¡ á»•n Ä‘áº·c biá»‡t báº¯p ... báº¯p ráº¥t ngon ... em yÃªu báº¯p â™¥ï¸,3 nÄƒm trÆ°á»›c,5 sao,hÃ i lÃ²ng
"Ráº¡p Metiz Cinema náº±m á»Ÿ Helio Center, Ä‘Æ°á»£c xÃ¢y dá»±ng vá»›i tiÃªu chuáº©n ráº¡p Hollywood, chuáº©n Ã¢m thanh Dolby 7.1, mÃ n hÃ¬nh lá»›n, sáº¯c nÃ©t. Metiz Cinema vá»›i 5 phÃ²ng chiáº¿u phim, Ä‘Ã£ mang Ä‘áº¿n 1 Ä‘á»‹a Ä‘iá»ƒm giáº£i trÃ­ má»›i cho ÄÃ  Náºµng, cÃ¹ng thiáº¿t káº¿ hiá»‡n Ä‘áº¡i - tráº» trung vÃ  má»©c giÃ¡ vÃ© Æ°u Ä‘Ã£i.",2 nÄƒm trÆ°á»›c,4 sao,hÃ i lÃ²ng
"Ráº¡p chiáº¿u phim khÃ¡ xá»‹n, báº¯p bÆ¡ khÃ¡ thÆ¡m, vÃ© cÅ©ng khÃ´ng ráº»",7 thÃ¡ng trÆ°á»›c,5 sao,hÃ i lÃ²ng
"ráº¡p chiáº¿u phim Metiz lÃ  má»™t trong nhá»¯ng ráº¡p chiáº¿u phim ÄÃ  Náºµng mÃ¬nh yÃªu thÃ­ch nháº¥t. á» Ä‘Ã¢y lá»‹ch chiáº¿u phim ráº¡p Metiz ÄÃ  Náºµng cáº­p nháº­t ráº¥t nhanh chÃ³ng, Ä‘áº·t vÃ© online cÅ©ng cá»±c ká»³ dá»… dÃ ng, phÃ²ng chiáº¿u phim mÃ n hÃ¬nh lá»›n sáº¯c nÃ©t, Ã¢m thanh cháº¥t â€¦",má»™t nÄƒm trÆ°á»›c,5 sao,hÃ i lÃ²ng
"Ráº¡p tá»‘t, cÃ¡c hÃ ng gháº¿ cao nÃªn ko bá»‹ vÆ°á»›ng Ä‘áº§u ngÆ°á»i ngá»“i trÆ°á»›c vÃ  cÃ¡ch xa nhau nÃªn Ä‘á»ƒ chÃ¢n thoáº£i mÃ¡i",5 nÄƒm trÆ°á»›c,5 sao,hÃ i lÃ²ng
"Ráº¡p lá»‹ch sá»±, ngá»“i thoáº£i mÃ¡i. CÃ³ Ä‘iá»u khÃ´ng vá»«a Ã½ lÃ , Ä‘áº¿n trÆ°á»›c 5 phÃºt cÅ©ng khÃ´ng cho vÃ o ráº¡p, bÃªn ngoÃ i thÃ¬ khÃ´ng Ä‘á»§ chá»— ngá»“i Ä‘á»£i.",2 nÄƒm trÆ°á»›c,4 sao,hÃ i lÃ²ng
"GiÃ¡ vÃ© tá»‘t, Ã¢m thanh hÃ¬nh áº£nh ok",3 tuáº§n trÆ°á»›c,5 sao,hÃ i lÃ²ng
GiÃ¡ ráº½ cho sinh viÃªn,5 thÃ¡ng trÆ°á»›c,5 sao,hÃ i lÃ²ng
Tuyá»‡t vá»i. CÃ³ Ä‘iá»u mÃ m hÃ¬nh to. MÃ  gháº¿ láº¡i sÃ¡t. DÃ¹ ngá»“i hÃ ng gáº§n trÃªn cÃ¹ng. NhÆ°ng váº«n tháº¥y loáº¡n :3,5 nÄƒm trÆ°á»›c,5 sao,hÃ i lÃ²ng
Gháº¿ á»Ÿ ráº¡p phim quÃ¡ Ä‘au lÆ°ng  cong vá» phÃ­a trÆ°á»›c. Ngá»“i k thoáº£i mÃ¡i 1 chÃºt nÃ o.,6 thÃ¡ng trÆ°á»›c,2 sao,khÃ´ng hÃ i lÃ²ng
Thá»© 2 cÃ³ 45k/tk Ä‘Ã´ng nhÆ° há»™i. Ráº¡p cháº¥t lÆ°á»£ng táº§m trung. NÃªn Ä‘áº¿n xem vÃ o t2( Ä‘áº¿n sá»›m mua vÃ©),7 thÃ¡ng trÆ°á»›c,5 sao,hÃ i lÃ²ng
"Láº§n Ä‘áº§u Ä‘Æ°á»£c báº¡n rá»§ Ä‘i xem Hai PhÆ°á»£ng, ráº¡p má»›i nÃªn khÃ¡ á»•n, Ä‘Ã´ng Ä‘Ãºc, nhÃ¬n cÃ¡i hÃ¬nh dÆ°á»›i tháº¥y Ä‘áº¹p Ä‘Ã³ chá»©. Tiáº¿c lÃ  k chá»¥p nhiá»u hÆ¡n. OK Ä‘Ã³, á»Ÿ Ä‘Ã  náºµng cÃ³ khi Ä‘áº¹p hÆ¡n Vincom. ThÃªm lá»±a chá»n Ä‘á»ƒ xem phim cuá»‘i tuáº§n. LÃºc Ä‘Ã³ báº¡n nÃ³ mua vÃ© nÃªn khÃ´ng biáº¿t giÃ¡ bao nhiÃªu. GÃ¡i tráº» nhiá»u láº¯m ^^",4 nÄƒm trÆ°á»›c,4 sao,hÃ i lÃ²ng
"Khu vui chÆ¡i Äƒn uá»‘ng ráº¡p phim, quÃ¡ okkk cho cuá»‘i tuáº§n",11 thÃ¡ng trÆ°á»›c,5 sao,hÃ i lÃ²ng
"Náº±m trong khu vui chÆ¡i Helio, chá»‰ cáº§n gá»­i xe dÆ°á»›i táº§ng háº§m lÃ  Ä‘i lÃªn táº§ng 2 trung tÃ¢m Ä‘á»ƒ vÃ o khu vá»±c Metiz. KhÃ´ng gian thoÃ¡ng, Ã¢m thanh hay, giÃ¡ há»£p tÃºi tiá»n.",7 thÃ¡ng trÆ°á»›c,5 sao,hÃ i lÃ²ng
GiÃ¡ ráº» ainh viÃªn. Xem phim xong qua helio chÆ¡i game vÃ  ghÃ© holie táº¯m nhÃ  phao trÆ°á»£c. Tá»‘i láº¡i Ä‘i bá»™ qua sunwell táº£n bá»™.,8 thÃ¡ng trÆ°á»›c,5 sao,hÃ i lÃ²ng
"Ráº¡p phim Ä‘áº¹p, giÃ¡ cáº£ ok. NhÃ¢n viÃªn thÃ¢n thiá»‡n",4 nÄƒm trÆ°á»›c,5 sao,hÃ i lÃ²ng
"Ráº¡p lá»›n, mÃ n hÃ¬nh rá»™ng, xem ráº¥t Ä‘Ã£, tuy nhiÃªn hÃ ng gháº¿ Ä‘Ã´i cÃ³ pháº§n khÃ´ng Ä‘Æ°á»£c thoáº£i mÃ¡i nhÆ° 1 sá»‘ cá»¥m ráº¡p cÃ³ gháº¿ Ä‘Ã´i khÃ¡c.",8 thÃ¡ng trÆ°á»›c,4 sao,hÃ i lÃ²ng
Dá»‹ch vá»¥ vÃ  giÃ¡ vÃ© á»•n nhÆ°ng Ä‘iá»ƒm trá»« lÃ  chá»— Ä‘á»— xe ráº¥t báº¥t tiá»‡n sau khi ra vá» thÃ¬ mÃ¬nh pháº£i tá»± dáº¯t 3 4 xe thÃ¬ má»›i dáº¯t xe mÃ¬nh ra Ä‘Æ°á»£c,8 thÃ¡ng trÆ°á»›c,4 sao,hÃ i lÃ²ng
"CÃ¡c hÃ ng gháº¿ a-b-c khÃ¡ sÃ¡t mÃ n hÃ¬nh. NÃªn mua vÃ© xem á»Ÿ cÃ¡c hÃ ng gháº¿ phÃ­a sau sáº½ tá»‘t cho máº¯t hÆ¡n (cÃ¡c báº¡n bá»‹ cáº­n nÃªn chÃº Ã½ Ä‘iá»u nÃ y). Dá»‹ch vá»¥ ráº¥t tá»‘t, nhÃ¢n viÃªn táº­n tÃ¬nh, káº¿t nháº¥t lÃ  nhÃ¢n viÃªn nÃ o cÅ©ng chÃ o há»i vui váº» vá»›i khÃ¡ch (y). Báº¯p á»Ÿ Ä‘Ã¢y cáº§n thay Ä‘á»•i cÃ´ng thá»©c 1 chÃºt Ä‘á»ƒ ngon hÆ¡n.",5 nÄƒm trÆ°á»›c,5 sao,hÃ i lÃ²ng
"Metiz Cinema
2 ThÃ¡ng 9, HoÃ  CÆ°á»ng Báº¯c, Háº£i ChÃ¢u, ÄÃ  Náºµng 550000
Ráº¡p phim má»›i . Hiá»‡n Ä‘áº¡i Ã¢m thanh sá»‘ng Ä‘á»™ng hÃ¬nh áº£nh sáº¯c nÃ©t táº¡o cho ngÆ°á»i xem â€¦",4 nÄƒm trÆ°á»›c,5 sao,hÃ i lÃ²ng
mÃ¬nh Ä‘Ã£ Ä‘i nhiá»u ráº¡p nhÆ°ng chá»‰ xem má»—i ráº¡p cgv vÃ  metiz. cgv khÃ´ng gian thoáº£i mÃ¡i gáº§n nhÃ . metiz thÃ¬ khÃ´ng gian cÅ©ng Ä‘Æ°á»£c giÃ¡ cáº£ ráº» hÆ¡n cgv. nhÆ°ng bá»¯a nay xem metiz thÆ°á»ng xuyÃªn hÆ¡n khÃ´ng pháº£i vÃ¬ giÃ¡ cáº£ nhÆ°ng nÃ³i tháº­t lÃ  báº¯p phÃ´ mai cá»§a â€¦,4 nÄƒm trÆ°á»›c,5 sao,hÃ i lÃ²ng
CÃ³ tháº» sinh viÃªn nhÆ°ng mÃ¡y á»Ÿ ráº¡p bá»‹ lá»—i gÃ¬ Ä‘áº¥y nÃªn khÃ´ng Ä‘Æ°á»£c giáº£m giÃ¡ vÃ©. PhÃ²ng chiáº¿u khÃ´ng cÃ³ nhÃ  vá»‡ sinh,9 thÃ¡ng trÆ°á»›c,2 sao,khÃ´ng hÃ i lÃ²ng
"Ráº¡p bÃ©, ngá»“i gháº¿ vip mÃ  váº«n tháº¥y quÃ¡ sÃ¡t mÃ n hÃ¬nh, xem ráº¥t Ä‘au máº¯t. MÃ n hÃ¬nh cháº¥t lÆ°á»£ng tháº¥p, phim khÃ´ng nÃ©t, cá»© bá»‹ má» má».",9 thÃ¡ng trÆ°á»›c,2 sao,khÃ´ng hÃ i lÃ²ng
"Ráº¡p giÃ¡ ráº», gháº¿ ngá»“i Ãªm, mÃ n hÃ¬nh Ä‘á»§ coi nhma mÃ¡y chiáº¿u hÆ¡i tá»‘i",7 thÃ¡ng trÆ°á»›c,4 sao,hÃ i lÃ²ng
"Tuy má»›i má»Ÿ nhÆ°ng ráº¡p pv khÃ¡ ok, an ninh tá»‘t, sáº½ quan sÃ¡t thÃªm",5 nÄƒm trÆ°á»›c,4 sao,hÃ i lÃ²ng
"Má»™t ráº¡p chiáº¿u phim hiá»‡n Ä‘áº¡i giá»¯a trung tÃ¢m thÃ nh phá»‘, Ä‘Ã¡ng Ä‘á»ƒ ghÃ© thÄƒm cÃ¹ng gia Ä‘Ã¬nh, báº¡n bÃ¨.",3 nÄƒm trÆ°á»›c,4 sao,hÃ i lÃ²ng
"NhÃ¢n viÃªn báº¥t lá»‹ch sá»±, ráº¡p nhá», báº¯p dá»Ÿ",5 thÃ¡ng trÆ°á»›c,1 sao,khÃ´ng hÃ i lÃ²ng
NhÃ¢n viÃªn cháº­m cháº¡p phá»¥ kÃ©m. K biáº¿t bÃªn metiz tuyá»ƒn dá»¥ng cÃ³ yÃªu cáº§u gÃ¬ k. Cháº¯c bÃ¡n vÃ© sá»‘ cá»§ng lÃ m Ä‘c. Pháº£i nÃ³i nv metiz thua con bÃ© bÃ¡n vÃ© sá»‘. Äi máº¥y láº§n k 1 láº§n Æ°ng Ã½.,má»™t nÄƒm trÆ°á»›c,1 sao,khÃ´ng hÃ i lÃ²ng
"Ráº¥t á»•n so vá»›i giÃ¡, sáº£nh chá» rá»™ng, Ä‘Ã¡ng tráº£i nghiá»‡m khi xem phim táº¡i Ä‘Ã  náºµng",8 thÃ¡ng trÆ°á»›c,5 sao,hÃ i lÃ²ng
"Láº§n nÃ o Ä‘i coi phim cÅ©ng khÃ¡ hÃ i lÃ²ng vs hÆ°Æ¡ng vá»‹ báº¯p caramen Ä‘áº­m Ä‘Ã  vÃ  khÃ¡ ngon á»Ÿ Ä‘Ã¢yğŸ¥°, ráº¡p khÃ¡ thoÃ¡ng vÃ  mÃ n hÃ¬nh rá»™ng, tuyá»‡t vá»iğŸ˜ â€¦",11 thÃ¡ng trÆ°á»›c,5 sao,hÃ i lÃ²ng
"Ráº¡p nhá» nhá», xinh xinh. NhÃ¢n viÃªn vui váº», thÃ¢n thiá»‡n. GiÃ¡ vÃ© há»£p lÃ½. ğŸ‘ â€¦",5 nÄƒm trÆ°á»›c,4 sao,hÃ i lÃ²ng
"Ráº¡p khÃ¡ má»›i nÃªn Ã­t ngÆ°á»i xem.
MÃ¬nh thÃ­ch sá»± sáº¡ch sáº½ á»Ÿ Ä‘Ã¢y. KhÃ¡ch xem á»Ÿ Ä‘Ã¢y cÅ©ng khÃ¡ lÃ  vÄƒn minh",4 nÄƒm trÆ°á»›c,4 sao,hÃ i lÃ²ng
"Ráº¡p phim á»Ÿ táº§ng trá»‡t nÃªn ráº¥t tiá»‡n di chuyá»ƒn. Äáº­u Ä‘á»— xe thuáº­n tiá»‡n, ráº¡p rá»™ng rÃ£i, giÃ¡ vÃ© há»£p lÃ½, báº¯p ngon",má»™t nÄƒm trÆ°á»›c,5 sao,hÃ i lÃ²ng
Cháº¥t lÆ°á»£ng á»•n trong táº§m giÃ¡. Cáº§n cáº£i thiá»‡n cháº¥t lÆ°á»£ng Ã¢m thanh vÃ  mÃ n hÃ¬nh,4 nÄƒm trÆ°á»›c,3 sao,trung bÃ¬nh
"Thoáº£i mÃ¡i lá»±a chá»n phim, nhiá»u khung giá», dá»‹ch vá»¥ Ä‘áº·t vÃ© cÅ©ng ráº¥t nhanh.",3 nÄƒm trÆ°á»›c,5 sao,hÃ i lÃ²ng
"NhÃ¢n viÃªn giá»¯ xe ráº¥t báº¥t lá»‹ch sá»±. Láº§n Ä‘áº§u tiÃªn xem phim á»Ÿ ráº¡p nÃ y nÃªn mÃ¬nh ko rÃ nh chá»— Ä‘á»ƒ xe. Há»i nhÃ¢n viÃªn giá»¯ xe lÃ  "" a Æ¡i ráº¡p metiz thÃ¬ Ä‘á»ƒ xe á»Ÿ Ä‘Ã¢u"" thÃ¬ 1 báº¡n Ä‘Ã¡p ""Ä‘Ã¢y nÃ¨"" kÃ¨m theo khuÃ´n máº·t ráº¥t khinh thÆ°á»ng, xong má»™t báº¡n khÃ¡c bá»“i thÃªm â€¦",má»™t nÄƒm trÆ°á»›c,2 sao,khÃ´ng hÃ i lÃ²ng
"KÃ©m, bá»±c thá»±c sá»±, máº¥t há»©ng",2 thÃ¡ng trÆ°á»›c,1 sao,khÃ´ng hÃ i lÃ²ng
"Thá»© 2 Ä‘á»“ng giÃ¡ vÃ© 45k, cÃ²n láº¡i 60k , ngá»“i gháº¿ Ä‘Ã´i thÃ¬ thÃªm 5k ! NÃªn Ä‘áº·t vÃ© trÆ°á»›c Ä‘á»ƒ cÃ³ gháº¿ tá»‘t ! NhÃ¢n viÃªn nhiá»‡t tÃ¬nh",má»™t nÄƒm trÆ°á»›c,5 sao,hÃ i lÃ²ng
"Ráº¡p khÃ¡ cháº­t chá»™i, náº¿u ngá»“i hÃ ng gháº¿ dÆ°á»›i cÃ¹ng cháº¯c cháº¯c sáº½ bá»‹ tráº¹o cá»•",4 nÄƒm trÆ°á»›c,3 sao,trung bÃ¬nh
"I will not choose enother Cinema in Danang anymore, this is my personal movie theatre number one in the whole world now. Perfect Building design, sweet boxes(double amchair) by the same price. And only 2 Cinemas in Danang are showing Elvis, â€¦",má»™t nÄƒm trÆ°á»›c,5 sao,hÃ i lÃ²ng
"Metiz lÃ  má»™t trong nhá»¯ng ráº¡p phim lá»›n á»Ÿ ÄÃ  Náºµng. Ráº¡p ráº¥t Ä‘Æ°á»£c cÃ¡c báº¡n tráº» vÃ  gia Ä‘Ã¬nh lá»±a chá»n Ä‘áº¿n xem. GiÃ¡ vÃ© trung bÃ¬nh, nÆ°á»›c uá»‘ng báº¯p á»•n. Äáº·c biá»‡t cÃ³ giÃ¡ vÃ© tá»‘t cho há»c sinh, sinh viÃªn vÃ  vÃ© 45k vÃ o ngÃ y thá»© 2.",má»™t nÄƒm trÆ°á»›c,5 sao,hÃ i lÃ²ng
"KhÃ´ng gian rá»™ng rÃ£i, bÃªn khu trÃ² chÆ¡i cÃ³ nhiá»u trÃ² chÆ¡i khÃ¡ vui. Ráº¡p phim thÃ¬ ok, thoáº£i mÃ¡i, am thanh Ä‘Ã£",má»™t nÄƒm trÆ°á»›c,5 sao,hÃ i lÃ²ng
"Báº¯p ngon, giÃ¡ ok nhá»¯ng ngÃ y trong tuáº§n",6 thÃ¡ng trÆ°á»›c,5 sao,hÃ i lÃ²ng
"Ráº¡p cháº¥t lÆ°á»£ng cao, Ä‘iá»u hÃ²a láº¡nh toÃ¡t luÃ´n. Chá»— ngá»“i chá» thoáº£i mÃ¡i. NhÃ¢n viÃªn thÃ¢n thiá»‡n nháº¥t ÄÃ  Náºµng. CÃ³ Ä‘iá»u giá»¯ xe 3k láº­n, hic",má»™t nÄƒm trÆ°á»›c,5 sao,hÃ i lÃ²ng
Äá»‹a Ä‘iá»ƒm xem phim phÃ¹ há»£p cho giá»›i tráº». CÃ³ cÃ¡c chÆ°Æ¡ng trÃ¬nh Æ°u Ä‘Ã£i dÃ nh cho sinh viÃªn. NhÃ¢n viÃªn phá»¥c vá»¥ nhiá»‡t tÃ¬nh,má»™t nÄƒm trÆ°á»›c,4 sao,hÃ i lÃ²ng
Ráº¡p xá»‹n báº¯p ok nhÃ¢n viÃªn phá»¥c vá»¥ tá»‘t,7 thÃ¡ng trÆ°á»›c,5 sao,hÃ i lÃ²ng
"Ráº¡p rá»™ng rÃ£i,báº¯p nÆ°á»›c ngon mÃ  Ã­t quÃ¡,nÃªn Ä‘á»ƒ xe trÆ°á»›c ráº¡p luÃ´n xuá»‘ng háº§m máº¥t thá»i gian,gháº¿ Ä‘Ã´i rá»™ng nhÃ¬n cÅ©ng rÃµ nha,gháº¿ thÆ°á»ng thÃ¬ chá»— Ä‘á»ƒ tay má»Ÿ lÃªn Ä‘Æ°á»£c,tiá»n vÃ© máº¯c hÆ¡n so vá»›i galaxy vÃ  starlight nha",má»™t nÄƒm trÆ°á»›c,5 sao,hÃ i lÃ²ng
"Ráº¡p xem phim má»›i nháº¥t táº¡i Ä‘Ã  náºµng.
ÄÆ°á»£c Ä‘áº§u tÆ° ná»™i tháº¥t gháº¿ da mÃ n hÃ¬nh hÆ¡n háº³n cÃ¡c ráº¡p khÃ¡c.
Duy nháº¥t hÆ¡i nhá» trá»« ráº¡p sá»‘ 5 ra! â€¦",5 nÄƒm trÆ°á»›c,5 sao,hÃ i lÃ²ng
"2 thanh niÃªn rá»§ nhau Ä‘i xem Doraemon.
NhÃ¢n viÃªn lá»‹ch sá»±. KhÃ´ng gian chá» rá»™ng rÃ£i cÃ³ nhiá»u gháº¿ ngá»“i.
Combo báº¯p cá»§a mÃ¬nh lÃ  combo u22 giÃ¡ 59k â€¦",4 nÄƒm trÆ°á»›c,5 sao,hÃ i lÃ²ng
"Ráº¡p chiáº¿u ráº¥t lÃ  tuyá»‡t vá»i luÃ´n áº¡ :)))
Máº­t bÃ­ nhÃ©, vÃ© thÃ nh viÃªn á»Ÿ Ä‘Ã¢y ráº» ngáº¥t ngÃ¢y Ä‘áº¥y (tin mÃ¬nh Ä‘i vÃ¬ mÃ¬nh lÃ m tháº» member kháº¯p Ä‘n rÃ¹i) â€¦",2 nÄƒm trÆ°á»›c,5 sao,hÃ i lÃ²ng
"CÆ¡ sá»Ÿ váº­t cháº¥t tá»‘t, nhÃ¢n viÃªn nhiá»‡t tÃ¬nh, thÃ¢n thiá»‡n, báº¯p ngon vÃ  giÃ¡ cáº£ khÃ¡ lÃ  há»£p lÃ½. LÃºc trÆ°á»›c má»›i má»Ÿ cÃ³ nguyÃªn má»™t thá»i gian dÃ i vÃ© 45k, nay cÃ³ lÃªn má»™t chÃºt. LÃºc trÆ°á»›c á»Ÿ gáº§n mÃ¬nh hay xem á»Ÿ Ä‘Ã¢y cuá»‘i nÄƒm tá»•ng Ä‘iá»ƒm lÃªn tv VIP Ä‘Æ°á»£c nhiá»u Æ°u Ä‘Ã£i vÃ  quÃ  táº·ng láº¯m cÃ¡c báº¡n",2 nÄƒm trÆ°á»›c,5 sao,hÃ i lÃ²ng
Chá»• Ä‘á»ƒ xe náº¯ng. KhÃ´ng cÃ³ dÃ¹ che hoáº·c cÃ¡c miáº¿ng che yÃªn xe. Äi coi phim buá»•i trÆ°a ra ngá»“i xe muá»‘n chÃ­n cÃ¡i mÃ´ng.,má»™t nÄƒm trÆ°á»›c,5 sao,hÃ i lÃ²ng
"Chá»£ Ä‘Ãªm Helio cÃ³ ráº¥t nhiá»u lá»±a chá»n cho Äƒn uá»‘ng, cÃ³ sÃ¢n kháº¥u ngoÃ i trá»i, nhá»™n nhá»‹p, Ä‘Ã´ng vui, khÃ¡ch HÃ n Quá»‘c ráº¥t thÃ­ch Ä‘á»‹a Ä‘iá»ƒm nÃ y. NgoÃ i ra bÃªn trong lÃ  khu vui chÆ¡i dÃ nh cho cÃ¡c baby vÃ  cÃ¡c báº¡n teen. Ráº¡p chiáº¿u phim vá»›i giÃ¡ vÃ© tháº¥y hÆ¡n cÃ¡c ráº¡p khÃ¡c.  I like!",4 nÄƒm trÆ°á»›c,4 sao,hÃ i lÃ²ng
"Lotte cinema háº¿t xuáº¥t chiáº¿u nÃªn láº§n Ä‘áº§u tá»›i xem phim á»Ÿ Ä‘Ã¢y, nhÆ°ng tráº£i nhiá»‡m cÅ©ng khÃ¡ áº¥n tÆ°á»£ng dÃ¹ lÃ  ráº¡p háº¡ng trung. CÅ©ng lÃ  má»™t trong nhá»¯ng ráº¡p cÃ³ má»©c vÃ© há»£p lÃ½ nháº¥t khi cÃ³ tháº» thÃ nh viÃªn. MÃ  mua combo á»Ÿ Ä‘Ã¢y hÆ¡i nhá» hÆ¡n so vá»›i cÃ¡c ráº¡p â€¦",4 nÄƒm trÆ°á»›c,5 sao,hÃ i lÃ²ng
Ráº¡p khÃ¡ nhá». Ngá»“i dÃ£y A B lÃ  xÃ¡c Ä‘á»‹nh gÃ£y cá»•,8 thÃ¡ng trÆ°á»›c,3 sao,trung bÃ¬nh
"Ráº¡p má»›i, ko gian thoÃ¡ng, rá»™ng, giÃ¡ vÃ© pháº£i chÄƒng so vá»›i cÃ¡c cá»¥m ráº¡p khÃ¡c, phim cáº­p nháº­t vÃ  giá» chiáº¿u cÅ©ng cÃ³ nhiá»u lá»±a chá»n. So vá»›i Lotte cinema á»Ÿ cÃ¹ng Ä‘á»‹a bÃ n thÃ¬ nhá»‰nh hÆ¡n 1 chÃºt trÃªn phÆ°Æ¡ng diá»‡n ko gian & giÃ¡ vÃ©.",5 nÄƒm trÆ°á»›c,5 sao,hÃ i lÃ²ng
PhÃ²ng chiáº¿u hÆ¡i nhá»,6 ngÃ y trÆ°á»›c,4 sao,hÃ i lÃ²ng
Äáº¹p vÃ  sang trá»ng.,11 thÃ¡ng trÆ°á»›c,5 sao,hÃ i lÃ²ng
Trung tÃ¢m giáº£i trÃ­ gáº§n nhÃ .,4 nÄƒm trÆ°á»›c,5 sao,hÃ i lÃ²ng
"ThÃ­ch vÃ¬ giÃ¡ cáº£ sinh viÃªn nhÆ°ng cháº¥t lÆ°á»£ng khÃ´ng tá»“i. GiÃ¡ chá»‰ 45k, mÃ n hÃ¬nh rá»™ng, báº¯p ngonn :)) Ä‘Æ°á»£c cÃ¡i gáº§n Helio, qua dáº¡o luÃ´n cÅ©ng tiá»‡n",3 nÄƒm trÆ°á»›c,5 sao,hÃ i lÃ²ng
Metiz cinema. Trong khuÃ´n viÃªn kÃ¨m vá»›i cáº£ Helio. Tá»• há»£p vui chÆ¡i giáº£i trÃ­,4 nÄƒm trÆ°á»›c,5 sao,hÃ i lÃ²ng
"GiÃ¡ vÃ© má»m hÆ¡n CGV má»™t chÃºt, ráº¡p Ä‘áº¹p, nÃ³i chÃºng lÃ  OK, thÃªm Ä‘iá»ƒm cá»™ng lÃ  bÆ°á»›c vÃ o lÃ  tá»›i ngay, khá»i pháº£i leo cáº£ máº¥y táº§ng láº§u nhÆ° máº¥y ráº¡p  trong siÃªu thá»‹, bÃªn cáº¡nh lÃ  khu trÃ² chÆ¡i, bÆ°á»›c ra má»™t chÃºt lÃ  chá»£ Ä‘Ãªm helio vá»›i vÃ´ vÃ n Ä‘á»“ Äƒn ngon, check in selfie bÃ¡ chÃ¡y. TÃ³m láº¡i lÃ  tiá»‡n.",2 nÄƒm trÆ°á»›c,4 sao,hÃ i lÃ²ng
"cÆ¡ sá»Ÿ váº­t cháº¥t tá»‘t, khÃ´ng gian rá»™ng, chá»— Ä‘áº­u xe thuáº­n tiá»‡n",má»™t nÄƒm trÆ°á»›c,4 sao,hÃ i lÃ²ng
"MÃ¬nh thÃ­ch nháº¥t lÃ  Ä‘á»ƒ xe ngoÃ i trá»i, ráº¥t thoÃ¡ng vÃ  tiá»‡n. HÃ ng gháº¿ cuá»‘i cá»§a ráº¡p lÃ  gháº¿ Ä‘Ã´i thÃ­ch cá»±c ká»³ loáº¡i gháº¿ nÃ y luÃ´n rá»™ng rÃ£i, thoáº£i mÃ¡i. KhÃ´ng gian quáº§u mua vÃ© kiá»ƒu hoÃ i cá»• tá»± sÆ°á»›ng thÃ¬ háº¿t xáº©y. GiÃ¡ vÃ© ráº» hÆ¡n nhÆ°ng thay vÃ o Ä‘Ã³ thÃ¬ khÃ´ng gian ráº¡p chiáº¿u háº¹p, Ã¢m thanh phim nghe k phÃª.",4 nÄƒm trÆ°á»›c,4 sao,hÃ i lÃ²ng
"Ráº¡p phim khÃ¡ rá»™ng, giÃ¡ vÃ© sinh viÃªn. Ko quáº£ng cÃ¡o quÃ¡ nhiá»u. Nhá»¯ng thÃ´ng Ä‘iá»‡p nhÆ° cáº¥m hÃºt thuá»‘c hay cáº¥m quay phim trong ráº¡p lÃ m khÃ¡ thÃº vá»‹. ThÃªm nhá»¯ng dÃ²ng cáº£m Æ¡n nhÆ° nÃ y tháº¥y dá»… thÆ°Æ¡ng.",4 nÄƒm trÆ°á»›c,5 sao,hÃ i lÃ²ng
"Ã‚m thanh mÃ n hÃ¬nh Ä‘á»u á»•n, giÃ¡ má»m hÆ¡n á»Ÿ CGV Vincom, náº¿u xem á»Ÿ phÃ²ng sá»‘ 5 (phÃ²ng lá»›n) thÃ¬ chá»n gháº¿ hÃ ng G, cÃ²n xem á»Ÿ cÃ¡c phÃ²ng nhá» hÆ¡n thÃ¬ chá»n hÃ ng gháº¿ gáº§n Ã¡p chÃ³t.",5 nÄƒm trÆ°á»›c,5 sao,hÃ i lÃ²ng
"QuÃ¡n CF cÃ³ phong cÃ¡ch trang trÃ­ ráº¥t Ä‘áº¹p, má»™t chá»— dá»«ng chÃ¢n lÃ½ tÆ°á»Ÿng khi chá» Ä‘á»ƒ xem phim hay sau khi Ä‘Ã£ ráº£o bÆ°á»›c á»Ÿ chá»£ Ä‘Ãªm Helio",3 nÄƒm trÆ°á»›c,5 sao,hÃ i lÃ²ng
"nhÃ¢n viÃªn nhÄƒn nhÃ³ khÃ³ chá»‹u, ráº¡p thÃ¬ ko cÃ³ wc pháº£i cháº¡y ra ngoÃ i xa lÃ©c, phim Ä‘ang chiáº¿u dá»Ÿ thÃ¬ báº­t Ä‘Ã¨n cháº³ng hiá»ƒu Ä‘á»ƒ lÃ m gÃ¬.... nÃ³i chung lÃ  quÃ¡ tá»‡ thua xa lotte vÃ  cgv! sáº½ ko bao h quay láº¡i láº§n thá»© 2",4 nÄƒm trÆ°á»›c,1 sao,khÃ´ng hÃ i lÃ²ng
"TrÆ°á»›c lÃ  fan ruá»™t cá»§a CGV nhÆ°ng giá» tÃ´i chuyá»ƒn qua xem Metiz luÃ´n vÃ¬ gáº§n nhÃ . GiÃ¡ vÃ© há»£p lÃ½, báº¯p rang ngon. ThÃ­ch nháº¥t vá»¥ gháº¿ ngá»“i báº±ng da ngá»“i mÃ¡t mÃ  khÃ´ng Ä‘au mÃ´ng ğŸ˜‚ â€¦",5 nÄƒm trÆ°á»›c,5 sao,hÃ i lÃ²ng
"Ráº¡p hÆ¡i nhá», gháº¿ ngá»“i hÆ¡i khÃ³ chá»‹u, trong lÃºc hoáº¡t Ä‘á»™ng cÃ³ vÃ i vana Ä‘á» cáº§n pháº£i kháº¯c phá»¥c",má»™t nÄƒm trÆ°á»›c,4 sao,hÃ i lÃ²ng
"NhÃ¢n viÃªn á»Ÿ Ä‘Ã¢y Ä‘Æ°á»£c cÃ¡i cÆ°á»i Ä‘áº¹p. Buá»•i Ä‘áº§u má»›i má»Ÿ ra nhÆ° tháº¿ la ok. cháº¥t lÆ°á»£ng thi hoÃ n toÃ n khÃ´ng kÃ©m cgv vá»›i lotte Ä‘Ã¢u nhÃ©. KhÃ´ng gian thiáº¿t káº¿ kiá»ƒu phá»‘ cá»• Há»™i An, náº±m ngay bÃªn trong Helio, ráº¥t Ä‘Ã¡ng thá»­",5 nÄƒm trÆ°á»›c,5 sao,hÃ i lÃ²ng
"Ráº¡p thuá»™c Helio * ÄÆ¡n giáº£n, chuyÃªn nghiá»‡p, nhÃ¢n viÃªn thÃ¢n thiá»‡n, giÃ¡ vÃ© ráº» hÆ¡n so vá»›i nhá»¯ng ráº¡p khÃ¡c. â€¦",5 nÄƒm trÆ°á»›c,5 sao,hÃ i lÃ²ng
"Trong ráº¡p nÃªn cÃ³ nhÃ¢n viÃªn nháº¯c khÃ¡ch lÃ  khÃ´ng lÃ m á»“n Ã o, vá»›i gÃ¡c chÃ¢n lÃªn gháº¿, chá»© Ä‘ang táº­p trung xem mÃ  ngá»­i tháº¥y mÃ¹i chÃ¢n hÃ´i ngáº¥t thÃ¬ sao cÃ²n tÃ¢m trÃ­ coi fim Ä‘Æ°á»£c",3 nÄƒm trÆ°á»›c,2 sao,khÃ´ng hÃ i lÃ²ng
"Xem khÃ´ng thÃ­ch láº¯m vÃ¬ Ä‘i hai láº§n Ä‘á»u cÃ³ mÃ¹i ráº¥t khÃ³ chá»‹u vÃ  Ä‘au Ä‘áº§u. Gháº¿ cÅ©ng khÃ¡ cá»©ng vÃ  khÃ´ng thoáº£i mÃ¡i, mÃ n hÃ¬nh nhá». Äiá»ƒm cá»™ng duy nháº¥t lÃ  giÃ¡ vÃ© ráº», cÃ³ nhiá»u Æ°u Ä‘Ã£i cho thÃ nh viÃªn, nhÃ¢n viÃªn phá»¥c vá»¥ táº­n tÃ¬nh vÃ  dá»… thÆ°Æ¡ng.",5 nÄƒm trÆ°á»›c,3 sao,trung bÃ¬nh
"Ráº¡p nÃªn xem láº¡i khoáº£ng cÃ¡ch giá»¯a mÃ n hÃ¬nh vÃ  2 hÃ ng gháº¿ Ä‘áº§u, thá»±c sá»± lÃ  chá»‰ nhÃ¬n Ä‘Æ°á»£c sub vÃ´ cÃ¹ng khÃ³ chá»‹u, trong khi cháº¥t lÆ°á»£ng Ã¢m thanh vÃ  gháº¿ ngá»“i cÅ©ng á»Ÿ má»©c ráº¥t bÃ¬nh thÆ°á»ng",4 nÄƒm trÆ°á»›c,1 sao,khÃ´ng hÃ i lÃ²ng
"mÃ¬nh Ä‘i vÃ o ngÃ y mÆ°a, phÃ²ng xem phim má»Ÿ Ä‘iá»u hÃ²a tháº¥p nÃªn hÆ¡i láº¡nh ğŸ˜¬ğŸ˜¬ â€¦",má»™t nÄƒm trÆ°á»›c,5 sao,hÃ i lÃ²ng
"Ráº¡p nhiá»u phim hay vÃ  má»›i. Gháº¿ ngá»“i thoáº£i mÃ¡i. CÃ³ gháº¿ Ä‘Ã´i cho tÃ¬nh nhÃ¢n. CÃ³ bÃ¡n báº¯p rang vÃ  nÆ°á»›c. Trang trÃ­ khÃ¡ Ä‘áº¹p, thÃ­ch há»£p sá»‘ng áº£o vÃ´ Ä‘á»‘i.",4 nÄƒm trÆ°á»›c,5 sao,hÃ i lÃ²ng
"Ráº¡p Ä‘áº¹p ,sáº¡ch nhÆ°ng chÆ°a quáº£n lÃ½ vá» sá»± tráº­t tá»± , Ã½ thá»©c cá»§a ngÆ°á»i xem trong ráº¡p ( cÆ°á»i nÃ³i á»“n Ã o Ä‘Ã¹a giá»¡n nhau , nghe Ä‘iá»‡n thoáº¡i nÃ³i chuyá»‡n to ) . Vá» viá»‡c nÃ y cÃ¡c ráº¡p khÃ¡c quáº£n lÃ½ ráº¥t cháº·t cháº½ , á»“n Ã o cÃ³ thá»ƒ má»i ra. NhÆ°ng bÃªn Ä‘Ã¢y thÃ¬ chÆ°a â€¦",5 nÄƒm trÆ°á»›c,3 sao,trung bÃ¬nh
Ráº¡p phim thoÃ¡ng .nhÃ¢n viÃªn siÃªu dá»… thÆ°Æ¡ng view thÃ¬ quÃ¡ Ä‘áº¹p .GiÃ¡ cáº£ pháº£i chÄƒng sáº½ tiáº¿p tá»¥c á»§ng há»™ â¤â¤â¤â¤,2 nÄƒm trÆ°á»›c,5 sao,hÃ i lÃ²ng
"Ráº¡p phim Ä‘áº¹p cÃ³ nhiá»u nÆ¡i chá»¥p hÃ¬nh khÃ¡ lÃ  ok
MÃ n hÃ¬nh rá»™ng thoáº£i mÃ¡i báº¯p nÆ°á»›c ngon vÃ  giÃ¡ khÃ¡ lÃ  ok
NhÃ¢n viÃªn dá»… thÆ°Æ¡nh nhiá»‡t tÃ¬nh",3 nÄƒm trÆ°á»›c,5 sao,hÃ i lÃ²ng
"Máº·c dÃ¹ ngÆ°á»i khen káº» chÃª nhÆ°ng mÃ¬nh váº«n ráº¥t thÃ­ch Metiz !
Ráº¡p má»›i nÃªn khÃ¡c sáº¡ch sáº½ vÃ  thoÃ¡ng. á» ngoÃ i quáº§y vÃ© thÃ¬ view xinh cá»±c, tha há»“ sá»‘ng áº£o. â€¦",4 nÄƒm trÆ°á»›c,5 sao,hÃ i lÃ²ng
"Má»™t thÆ°Æ¡ng hiá»‡u má»›i nhÆ°ng khÃ¡ lÃ  chuyÃªn nghiá»‡p . phÃ²ng chiáº¿u khÃ´ng lá»›n nhÆ°ng sáº¯p xáº¿p cÃ¡c dÃ£y gháº¿ khÃ¡ lÃ  thoáº£i mÃ¡i thuáº­n tiá»‡n di chuyá»ƒn.
Ráº¡p sá»‘ 3 cáº£m giÃ¡c Ã¢m thanh hÆ¡i bá»‹ vang. â€¦",5 nÄƒm trÆ°á»›c,4 sao,hÃ i lÃ²ng
"- ráº¡p sáº¡ch sáº½
- nhÃ¢n viÃªn Ä‘áº¹p, phá»¥c vá»¥ táº­n tÃ¬nh
- giÃ¡ vÃ© vÃ  nÆ°á»›c bÃ¬nh dÃ¢n â€¦",3 nÄƒm trÆ°á»›c,5 sao,hÃ i lÃ²ng
"Suáº¥t 10h45 hÃ ng ngÃ y khÃ¡ váº¯ng, phÃ¹ há»£p cho tráº» Ä‘i Ä‘á»ƒ trÃ¡nh gÃ¢y á»“n ngÆ°á»i khÃ¡c",má»™t nÄƒm trÆ°á»›c,5 sao,hÃ i lÃ²ng
"NhÃ  vá»‡ sinh quÃ¡ xa phÃ²ng chiáº¿u.
Sá»‘ ráº¡p hiá»ƒn thá»‹ Ä‘á» tráº¯ng bá»‹ che khuáº¥t.
Sá»‘ gháº¿ chá» khÃ´ng Ä‘á»§ chá»— cho má»i ngÆ°á»i.
Chá»— Ä‘á»ƒ xe khÃ´ng cÃ³ mÃ¡i che, náº¯ng mÆ°a sáº¥p máº·t.",5 nÄƒm trÆ°á»›c,3 sao,trung bÃ¬nh
"Metiz lÃ  má»™t ráº¡p chiáº¿u phim má»›i cá»§a ÄÃ  Náºµng.mÃ¬nh ráº¥t thÃ­ch nÆ¡i nÃ y vÃ  Ä‘áº¿n ráº¥t nhiá»u láº§n. GiÃ¡ vÃ© ráº», ráº¡p lá»›n vÃ  Ä‘áº¹p. Äi xem phim xong báº¡n cÃ³ thá»ƒ dáº¡o chá»£ phiÃªn Helio.",4 nÄƒm trÆ°á»›c,5 sao,hÃ i lÃ²ng
"Khu vá»±c sáº£nh decor Ä‘áº¹p vÃ  rá»™ng mÃ  vÃ o ráº¡p thi hÆ¡i bÃ© xÃ­u, mÃ  cháº¥t lÆ°á»£ng xem phim thÃ¬ á»•n, giÃ¡ cáº£ há»£p lÃ½.",3 nÄƒm trÆ°á»›c,4 sao,hÃ i lÃ²ng
"MÃ¬nh lÃ  thÃ nh viÃªn VIP bÃªn ráº¡p CGV, nhÆ°ng gáº§n Ä‘Ã¢y thÆ°á»ng xuyÃªn yÃªu thÃ­ch ghÃ© ráº¡p Metiz vÃ¬ cÃ¡c Æ°u Ä‘iá»ƒm sau:
- Gáº§n nhÃ  báº¡n gÃ¡i hÆ¡n ğŸ˜† â€¦",5 nÄƒm trÆ°á»›c,5 sao,hÃ i lÃ²ng
"QuÃ¡ tuyá»‡t vá»i, ráº¡p rá»™ng rÃ£i thoÃ¡ng Ä‘Ã£, cháº¥t lÆ°á»£ng tuyá»‡t háº£o. GiÃ¡ vÃ© láº¡i cá»±c Æ°u Ä‘Ã£i . sáº½ á»§ng há»™ ğŸ‘ â€¦",4 nÄƒm trÆ°á»›c,5 sao,hÃ i lÃ²ng
"GiÃ¡ xem phim hay Ä‘á»“ Äƒn Ä‘á»u ráº», chá»— ngá»“i thoÃ¡ng mÃ¡t rá»™ng rÃ£i. NhÃ¢n viÃªn dá»… thÆ°Æ¡ng.
Duy nháº¥t 1 Ä‘iá»ƒm trá»«: NhÃ  vá»‡ sinh hÆ¡i xa!",5 nÄƒm trÆ°á»›c,5 sao,hÃ i lÃ²ng
KhÃ¡ ok! Trá»i láº¡nh ni Ä‘i xem vs ng iu lÃ  Ä‘Ãºng bÃ i,má»™t nÄƒm trÆ°á»›c,4 sao,hÃ i lÃ²ng
"Ráº¡p sá»‘ 5 lÃ  ráº¡p to, xem phim má»›i phÃª, cÃ²n láº¡i ráº¡p nhá», ko phÃª láº¯m.
CÃ³ Ä‘iá»u á»Ÿ trung tÃ¢m, trong khuÃ´n viÃªn Helio nÃªn cÃ¡i gÃ¬ cÅ©ng tiá»‡n
ÄÆ°á»£c",4 nÄƒm trÆ°á»›c,4 sao,hÃ i lÃ²ng
Ráº¡p tá»‘t . Äá»“ Äƒn ngon láº¯m nhÆ°ng khuyÃªn cÃ¡c nhÃ¢n viÃªn hÃ£y cá»‘ gáº¯ng nháº¯c nhá»Ÿ khÃ¡ch bá»›t á»“n khi Ä‘ang xem phim,4 nÄƒm trÆ°á»›c,4 sao,hÃ i lÃ²ng
"KhÃ´ng gian Ä‘áº¹p, hÃ¬nh áº£nh vÃ  Ã¢m thanh chuáº©n
ThÃ¡i Ä‘á»™ phá»¥c vá»¥ cá»§a nhÃ¢n viÃªn ráº¥t tá»‘t
GiÃ¡ thÃ nh pháº£i chÄƒng vÃ  Ä‘Æ°á»£c xem phim vá»›i hÃ¬nh áº£nh cháº¥t lÆ°á»£ng. NÃªn ghÃ© nhiá»u láº§n Ä‘á»ƒ Ä‘i.",4 nÄƒm trÆ°á»›c,5 sao,hÃ i lÃ²ng
"NhÃ¢n viÃªn thÃ¢n thiá»‡n, giÃ¡ cáº£ ráº» hÆ¡n ráº¥t nhiá»u ráº¡p phim khÃ¡c, báº¯p ráº¥t ngon, siÃªu thÃ­ch báº¯p caramen á»Ÿ Ä‘Ã¢y luÃ´n, gháº¿ ngá»“i thoáº£i mÃ¡i, nhÃ¢n viÃªn trong ráº¡p siÃªu thÃ¢n thiá»‡n, ráº¥t quan tÃ¢m Ä‘áº¿n khÃ¡ch hÃ ng, Ä‘á»“ uá»‘ng ok, nÃªn gá»i size vá»«a lÃ  há»£p lÃ­, náº¿u uá»‘ng size lá»›n kiá»ƒu gÃ¬ cÅ©ng sáº½ dÆ° vÃ¬ ráº¥t nhiá»u. ThÃ­ch nháº¥t thÃ¡i Ä‘á»™ nhÃ¢n viÃªn.",4 nÄƒm trÆ°á»›c,5 sao,hÃ i lÃ²ng
"RaÌ£p mÆ¡Ìi xiÌ£n, coÌ nhiÃªÌ€u bÃ´Ì£ phim hay, hÃ¢Ìp dÃ¢Ìƒn. NhÆ°ng hÆ¡i coÌ muÌ€i phoÌ€ng vaÌ€ vÃ¢Ìƒn hÆ¡i Ã´Ì€n. GiaÌ vaÌ€o sau 17h coÌ€n hÆ¡i cao so vÆ¡Ìi caÌc bÃªn khaÌc.CÃ¢Ì€n caÌ‰i thiÃªÌ£n nhiÃªÌ€u hÆ¡n.",4 nÄƒm trÆ°á»›c,4 sao,hÃ i lÃ²ng
"GiÃ¡ vÃ© ráº», ráº¡p chiáº¿u phim sáº¡ch sáº½, thoáº£i mÃ¡i",má»™t nÄƒm trÆ°á»›c,5 sao,hÃ i lÃ²ng
"Ráº¡p má»›i xÃ¢y ráº¥t Ä‘áº¹p, dá»‹ch vá»¥ tá»‘t. NhÃ¢n viÃªn tÆ° váº¥n nhiá»‡t tÃ¬nh, dá»… thÆ°Æ¡ng. KhÃ´ng gian lÃ£ng máº¡n. Ráº¥t thÃ­ch há»£p cho cÃ¡c báº¡n tráº» checkin chá»¥p hÃ¬nh.",5 nÄƒm trÆ°á»›c,5 sao,hÃ i lÃ²ng
"giÃ¡ vÃ© xem phim lÃ  ráº» nháº¥t á»Ÿ Än rá»“i, báº¯p nÆ°á»›c cÅ©ng ráº» ná»¯a, cÃ³ Ä‘iá»u ráº¡p náº¿u mÃ  ngá»“i hÃ ng ab lÃ  má»™t Ã¡c má»™ng",4 nÄƒm trÆ°á»›c,4 sao,hÃ i lÃ²ng
"GiÃ¡ cáº£ pháº£i chÄƒng vá»›i nhiá»u Æ°u Ä‘Ã£i. Ráº¡p thoÃ¡ng mÃ¡t sáº¡ch sáº½, nhÃ¢n viÃªn nhiá»‡t tÃ¬nh",3 nÄƒm trÆ°á»›c,5 sao,hÃ i lÃ²ng
"Äiá»ƒm háº¹n lÃ½ tÆ°á»Ÿng cho cuá»‘i tuáº§n. Ráº¡p má»›i vÃ  á»•n, giÃ¡ cáº£ pháº£i chÄƒng. Xem xong phim láº¡i lÆ°á»£n lá» chá»£ Ä‘Ãªm Äƒn, uá»‘ng, nghe ca nháº¡c miá»…n phÃ­,...",4 nÄƒm trÆ°á»›c,4 sao,hÃ i lÃ²ng
"KhÃ´ng gian mÃ¡t máº» , Ä‘i dáº¡o náº¯ng nÃ³ng vÃ o trong ngá»“i ráº¥t mÃ¡t",má»™t nÄƒm trÆ°á»›c,5 sao,hÃ i lÃ²ng
"Metiz náº±m trong Helio nÃªn gáº§n vá»›i khu chá»£ Ä‘Ãªm - Ä‘á»‹a Ä‘iá»ƒm ráº¥t ná»•i tiáº¿ng vá»›i giá»›i tráº» ÄÃ  Náºµng. Metiz cÃ³ 5 ráº¡p vÃ  cÃ²n phong cÃ¡ch bÃ i trÃ­ theo kiá»ƒu phá»‘ cá»• Há»™i An, ráº¡p Metiz cÃ²n ráº¥t má»›i, tuy nhiÃªn gháº¿ hÆ¡i gáº§n mÃ n hÃ¬nh nÃªn Ä‘Ã´i khi máº¯t bá»‹ má»i :)",5 nÄƒm trÆ°á»›c,4 sao,hÃ i lÃ²ng
"Cháº¥t lÆ°á»£ng phim á»•n so vá»›i giÃ¡ tiá»n. CÃ³ láº§n mÃ¬nh Ä‘i xem muá»™n, báº¯p khÃ¡ á»‰u, k tháº¥m vá»‹. Äá»‹nh cho 4 sao nhÆ°ng nghÄ© láº¡i nhá»¯ng láº§n lÃ m Ä‘á»• nÆ°á»›c há» váº«n luÃ´n niá»m ná»Ÿ báº£o k sao, k cÃ³ tÃ­ nhÄƒn nhÃ³ nÃ o nÃªn ráº¥t hÃ i lÃ²ng.",4 nÄƒm trÆ°á»›c,5 sao,hÃ i lÃ²ng
"Ráº¡p chiáº¿u phim tÆ°Æ¡ng Ä‘á»‘i tá»‘t, nhÃ¢n viÃªn á»•n. So vá»›i máº·t báº±ng chung thÃ¬ giÃ¡ vÃ© cÃ²n cao!",4 nÄƒm trÆ°á»›c,4 sao,hÃ i lÃ²ng
"Ráº¡p film ok, nhÆ°ng Ä‘á»ƒ xe khÃ¡ch ngoÃ i náº¯ng ... mÆ°a. QuÃ¡ tá»‡ tá»« cÃ¡i nhÃ¬n Ä‘áº§u tiÃªn",4 nÄƒm trÆ°á»›c,1 sao,khÃ´ng hÃ i lÃ²ng
"TÃ´i ráº¥t thÃ­ch khÃ´ng gian á»Ÿ ráº¡p Metiz nháº¥t lÃ  ráº¡p sá»‘ 5, ráº¥t rá»™ng, sá»©c chá»©a lá»›n nhÆ°ng Ä‘iá»u hoÃ  hÆ¡i láº¡nh khuyÃªn cÃ¡c báº¡n nÃªn Ä‘em Ã¡o khoÃ¡c má»ng",4 nÄƒm trÆ°á»›c,5 sao,hÃ i lÃ²ng
"NhÃ¢n viÃªn tá»‘t, phá»¥c vá»¥ Äƒn uá»‘ng ráº¥t ngon vÃ  cháº¥t lÆ°á»£ng film táº¡m á»•n chÆ°a háº³n lÃ  Ä‘áº³ng cáº¥p cho ngÆ°á»i xem film",3 nÄƒm trÆ°á»›c,4 sao,hÃ i lÃ²ng
GiÃ¡ cáº£ há»£p lÃ½ Ä‘Ã£ tháº¿ cháº¥t lÆ°Æ¡ng phá»¥c vá»¥ tá»‘t vÃ  Ä‘áº·c biá»‡t báº¯p ráº¥t lÃ  ngon,má»™t nÄƒm trÆ°á»›c,5 sao,hÃ i lÃ²ng
"Cho 5 sao vÃ¬ mÃ¬nh thÃ­ch tháº¿ :3 cháº¯c do may máº¯n chá»n toÃ n suáº¥t chiáº¿u á»Ÿ phÃ²ng bá»± nháº¥t, cÅ©ng tá»«ng coi á»Ÿ nhá»¯ng phÃ²ng ráº¡p bÃ© hÆ¡n, hÆ¡i khÃ³ chá»‹u, nhÃ¢n viÃªn lÃ m viá»‡c nhanh nháº¹n, khu vá»±c chá» rá»™ng thoáº£i mÃ¡i,,...",4 nÄƒm trÆ°á»›c,5 sao,hÃ i lÃ²ng
"ráº¡p Ä‘áº¹p, má»›i, nhÃ¢n viÃªn phá»¥c vá»¥ tá»‘t, nhÆ°ng hÆ¡i nhá» so vá»›i lotte, galaxy hay cgv,.. nÃªn mÃ ng hÃ¬nh gáº§n quÃ¡.",5 nÄƒm trÆ°á»›c,5 sao,hÃ i lÃ²ng
"Ráº¡p thoÃ¡ng Ä‘áº¹p, Ã¢m thanh cá»±c hay, thÃ¡i Ä‘á»™ nhÃ¢n viÃªn nhiá»‡t tÃ¬nh, ko chÃª vÃ o Ä‘Ã¢u Ä‘c",2 nÄƒm trÆ°á»›c,5 sao,hÃ i lÃ²ng
Ráº¥t á»•n vá»›i táº§m giÃ¡,6 thÃ¡ng trÆ°á»›c,5 sao,hÃ i lÃ²ng
"Ráº¡p sáº¡ch sáº½, Ä‘iá»u hÃ²a báº­t nhiá»‡t Ä‘á»™ hÆ¡i tháº¥p nÃªn láº¡nh queo :v cÃ³ nhiá»u phÃ²ng hÆ¡i nhá» nÃªn chá»n gháº¿ ngá»“i á»Ÿ xa xem cho Ä‘á»¡ Ä‘au máº¯t",4 nÄƒm trÆ°á»›c,4 sao,hÃ i lÃ²ng
"Ráº¡p chiáº¿u phim khÃ¡ lÃ  Ä‘Ã´ng ngÆ°á»i, rá»™ng, giÃ¡ vÃ© láº¡i vÃ´ cÃ¹ng ráº», phim 2D chá»‰ vá»›i 45k/1 vÃ©",4 nÄƒm trÆ°á»›c,4 sao,hÃ i lÃ²ng
"Ráº¡p hÆ¡i nhá» so vá»›i nhá»¯ng ráº¡p khÃ¡c nhÆ°ng chi phÃ­ tá»‘t, sáº¡ch sáº½, phÃ²ng cÃ³ nhiá»‡t Ä‘á»™ vá»«a pháº£i .",4 nÄƒm trÆ°á»›c,4 sao,hÃ i lÃ²ng
Xem ok,má»™t nÄƒm trÆ°á»›c,4 sao,hÃ i lÃ²ng
"Chá»— ngá»“i thoáº£i mÃ¡i, nhÃ¢n viÃªn ok, Ã¢m thanh trong ráº¡p Ä‘Ã£ hay hÆ¡n lÃºc má»›i má»Ÿ nhiá»u",4 nÄƒm trÆ°á»›c,4 sao,hÃ i lÃ²ng
"View chá»¥p hÃ¬nh Ä‘áº¹p, khÃ´ng gian thoÃ¡ng, giÃ¡ vÃ© xem phim bÃ¬nh dÃ¢n k quÃ¡ Ä‘áº¯t",2 nÄƒm trÆ°á»›c,5 sao,hÃ i lÃ²ng
"Ráº¡p nÃ y mÃ n hÃ¬nh hÆ¡i to, ngá»“i hÃ ng sau thÃ¬ oke chá»© ngá»“i trÆ°á»›c Ä‘au máº¯t cá»±c. ÄÆ°á»£c cÃ¡i báº¯p nÆ°á»›c khÃ¡ oke",4 nÄƒm trÆ°á»›c,4 sao,hÃ i lÃ²ng
Hay Ä‘i vÃ¬ giÃ¡ vÃ© bÃ¬nh dÃ¢n nhÆ°ng mÃ  cskh tá»‡,má»™t nÄƒm trÆ°á»›c,2 sao,khÃ´ng hÃ i lÃ²ng
"Ráº¡p táº¡m á»•n, gháº¿ hÆ¡i bÃ© so vá»›i cgv, hÃ ng gháº¿ tÃ¬nh nhÃ¢n ráº¥t sÃ¡ng táº¡o cho sá»± riÃªng tÆ°",2 nÄƒm trÆ°á»›c,5 sao,hÃ i lÃ²ng
"Ráº¡p phim mÃ n hÃ¬nh cháº¥t vÃ  Ã¢m thanh sá»‘ng Ä‘á»™ng, bÃ¡c giá»¯ xe vui tÃ­nh tá»›i táº­n suáº¥t cuá»‘i cÃ¹ng",4 nÄƒm trÆ°á»›c,5 sao,hÃ i lÃ²ng
"Kinh doanh ráº¡p chiáº¿u phim, trÃ² chÆ¡i Ä‘i tá»­, Äƒn uá»‘ng. NhÆ°ng trÃ² chÆ¡i Ä‘iá»‡n tá»­ thÃ¬ khÃ¡ tá»‘n tiá»n, khÃ´ng nÃªn chÆ¡i",2 nÄƒm trÆ°á»›c,3 sao,trung bÃ¬nh
"ráº¡p khÃ¡ thoáº£i mÃ¡i, giÃ¡ vá»«a tÃºi tiá»n sinh viÃªn vÃ  gháº¿ ngá»“i cÅ©ng thoáº£i mÃ¡i ná»¯a.",3 nÄƒm trÆ°á»›c,5 sao,hÃ i lÃ²ng
"Ráº¡p má»›i sáº¡ch sáº½, nhÆ°ng Ä‘á»ƒ Ä‘iá»u hÃ²a láº¡nh quÃ¡. Tráº» trÃ¢u cÅ©ng Ä‘Ã´ng nÃªn ngá»“i xem toÃ n gáº·p cÃ¡c bÃ¬nh luáº­n viÃªn báº¥t Ä‘áº¯c dÄ©",4 nÄƒm trÆ°á»›c,4 sao,hÃ i lÃ²ng
"Ráº¡p phim má»›i, giÃ¡ ráº» vÃ  cháº¥t lÆ°á»£ng",má»™t nÄƒm trÆ°á»›c,5 sao,hÃ i lÃ²ng
"Ráº¡p bÃ© nÃªn ngá»“i á»Ÿ nhá»¯ng hÃ ng gháº¿ Ä‘áº§u xem phim sáº½ hÆ¡i khÃ³ chá»‹u, Ä‘iá»ƒm cá»™ng lÃ  báº¯p khÃ¡ ngon",5 nÄƒm trÆ°á»›c,4 sao,hÃ i lÃ²ng
"Ok giÃ¡ ráº» Ã¢m thanh rap and hÃ¬nh áº£nh ráº¥t tá»‘t
Phim 2d chá»‰ cÃ³ 45k quÃ¡ ráº»",3 nÄƒm trÆ°á»›c,5 sao,hÃ i lÃ²ng
Xem phim ráº¥t á»•n,7 thÃ¡ng trÆ°á»›c,5 sao,hÃ i lÃ²ng
"Ráº¡p Ä‘áº¹p, sáº¡ch chá»› ko nhÆ° bÃªn Lotte, gháº¿ vá»«a cÅ© vá»«a hÃ´i , nhÃ¢n viÃªn  dá»… thÆ°Æ¡ng",4 nÄƒm trÆ°á»›c,5 sao,hÃ i lÃ²ng
Ráº¥t oke. NhÃ¢n viÃªn nhiá»‡t tÃ¬nh. CÃ³ ráº¥t nhiá»u trÃ² chÆ¡i dá»‹ch vá»¥ Äƒn uá»‘ng áº©m thá»±c.,4 nÄƒm trÆ°á»›c,5 sao,hÃ i lÃ²ng
ráº¡p chiáº¿u hiá»‡n Ä‘áº¡i vá»›i nhiá»u phim hay cáº­p nháº­t liÃªn tá»¥c. nhiá»u Æ°u Ä‘Ã£i dÃ nh cho thÃ nh viÃªn Metiz,4 nÄƒm trÆ°á»›c,5 sao,hÃ i lÃ²ng
"Phim hay, ráº¡p Ä‘áº¹p, giÃ¡ tá»‘t",má»™t nÄƒm trÆ°á»›c,5 sao,hÃ i lÃ²ng
CÃ¡ch Ä‘Ã¢y 1 nÄƒm,3 nÄƒm trÆ°á»›c,5 sao,hÃ i lÃ²ng
"Ráº¡p phim sáº¡ch sáº½ vÃ  Ä‘áº¹p Ä‘áº½, cháº¥t lÆ°á»£ng",má»™t nÄƒm trÆ°á»›c,5 sao,hÃ i lÃ²ng
"Ráº¡p mÃ¡t máº», sáº¡ch sáº½, nhÃ¢n viÃªn phá»¥c vá»¥ niá»m ná»¡, ráº¥t tá»‘t, 5*ğŸ˜˜ğŸ˜˜ğŸ˜˜ â€¦",2 nÄƒm trÆ°á»›c,5 sao,hÃ i lÃ²ng
"Ráº¡p Ä‘áº¹p, cÃ³ Ä‘iá»u gháº¿ hÆ¡i gáº§n mÃ n hÃ¬nh quÃ¡! ÄÃ¡nh giÃ¡ 4*",3 nÄƒm trÆ°á»›c,4 sao,hÃ i lÃ²ng
"Chá»— xem phim khÃ¡ lÃ½ tÆ°á»Ÿng, sáº¡ch sáº½, gháº¿ ngá»“i thoair mÃ¡i, mÃ n hÃ¬nh cÅ©ng ráº¥t dá»… nhÃ¬n",4 nÄƒm trÆ°á»›c,4 sao,hÃ i lÃ²ng
"Ráº¡p khÃ´ng nháº¯c ngÆ°á»i xem táº¯t Ä‘iá»‡n thoáº¡i, nÃªn má»i ngÆ°á»i sá»­ dá»¥ng ráº¥t nhiá»u trong khi Ä‘ang xem.",4 nÄƒm trÆ°á»›c,2 sao,khÃ´ng hÃ i lÃ²ng
"Ráº¡p Ä‘áº¹p láº¯m nhÆ°ng phÃ²ng chiáº¿u hÆ¡i nhá», nÃªn chá»n gháº¿ hÃ ng cuá»‘i",3 nÄƒm trÆ°á»›c,4 sao,hÃ i lÃ²ng
"Gháº¿ ngá»“i báº±ng da khÃ¡ Ãªm, mÃ n hÃ¬nh rá»™ng nÃªn ngá»“i hÃ ng cuá»‘i váº«n tháº¥y to
HÆ¡i xa trung tÃ¢m thÃ nh phá»‘",5 nÄƒm trÆ°á»›c,4 sao,hÃ i lÃ²ng
Gháº¿ ngá»“i hÆ¡i Ä‘au lÆ°ng. Phá»¥c vuh nhiá»‡t tÃ¬nh,má»™t nÄƒm trÆ°á»›c,5 sao,hÃ i lÃ²ng
"VÃ© máº¯c, báº¯p máº¯c , coop mart ráº» hÆ¡n b",11 thÃ¡ng trÆ°á»›c,3 sao,trung bÃ¬nh
"An ninh ráº¡p quÃ¡ kÃ©m, Ä‘á»ƒ tÃ¬nh tráº¡ng Ã´ nhiá»…m tiáº¿ng á»“n lÃºc xem phim ráº¥t nhiá»u!",4 nÄƒm trÆ°á»›c,2 sao,khÃ´ng hÃ i lÃ²ng
"GiÃ¡ á»•n, ráº¡p khÃ¡ má»›i, lÃ  Ä‘iá»ƒm Ä‘áº¿n Æ°u thÃ­ch cá»§a khÃ¡ nhiá»u báº¡n tráº»",5 nÄƒm trÆ°á»›c,4 sao,hÃ i lÃ²ng
"Ráº¡p nhá», mÃ n hÃ¬nh nghiÃªng, khÃ³ bao quÃ¡t náº¿u khÃ´ng ngá»“i á»Ÿ 2 hÃ ng cuá»‘i cÃ¹ng.",5 nÄƒm trÆ°á»›c,4 sao,hÃ i lÃ²ng
Ráº¡p tuy má»›i nhÆ°ng phÃ²ng chiáº¿u bá»‘ trÃ­ khÃ´ng Ä‘Æ°á»£c há»£p lÃ½. Cáº£m giÃ¡c Ä‘au máº¯t!,4 nÄƒm trÆ°á»›c,5 sao,hÃ i lÃ²ng
"Ráº¡p nhá» nhÆ°ng giÃ¡ háº¡t dáº», báº¯p nÆ°á»›c á»•n, phá»¥c vá»¥ ok",4 nÄƒm trÆ°á»›c,5 sao,hÃ i lÃ²ng
"giÃ¡ cáº£ há»£p lÃ­,cháº¥t lÆ°á»£ng á»•n.KhÃ´ng gian Ä‘áº¹p.",má»™t nÄƒm trÆ°á»›c,4 sao,hÃ i lÃ²ng
Náº¿u canh Ä‘Ãºng ngÃ y giáº£m thÃ¬ vÃ© quÃ¡ ráº». Lá»±a  phim hay ná»¯a lÃ  nháº¥t luÃ´n :)),4 nÄƒm trÆ°á»›c,5 sao,hÃ i lÃ²ng
CÅ©ng Ä‘c. Con nÃ­t hÆ¡i nhiá»u. QuÃ¡ á»“n Ã o. Máº¥t Ä‘i cáº£m giÃ¡c xem phim. K cáº£m nháº­n Ä‘Æ°á»£c,4 nÄƒm trÆ°á»›c,4 sao,hÃ i lÃ²ng
"Ráº¡p chiáº¿u phim vá»›i mÃ n hÃ¬nh chiáº¿u ráº¥t sáº¯c nÃ©t, mÃ¡y mÃ³c chiáº¿u phim hiá»‡n Ä‘áº¡i vÃ  phÃ²ng chiáº¿u ráº¥t rá»™ng rÃ£i",4 nÄƒm trÆ°á»›c,5 sao,hÃ i lÃ²ng
Nhiá»u phim hÆ¡n cÃ¡c ráº¡p khÃ¡c. NÃ³i chung lÃ  quÃ¡ á»•n.,5 nÄƒm trÆ°á»›c,5 sao,hÃ i lÃ²ng
"Ráº¡p phim Ã¢m thanh cá»±c chuáº©n, hÃ¬nh áº£nh Ä‘áº¹p vÃ  thoáº£i mÃ¡i.",5 nÄƒm trÆ°á»›c,5 sao,hÃ i lÃ²ng
CÃ³ khÃ´ng gian xem phim vÃ  chÆ¡i cho tráº»,má»™t nÄƒm trÆ°á»›c,5 sao,hÃ i lÃ²ng
"Má»™t sá»± lá»±a chá»n thÃº vá»‹ khÃ¡c cho cÃ¡c tin Ä‘á»“ xem phim ráº¡p táº¡i ÄÃ  Náºµng,",4 nÄƒm trÆ°á»›c,5 sao,hÃ i lÃ²ng
Tuyá»‡t vá»i,5 nÄƒm trÆ°á»›c,5 sao,hÃ i lÃ²ng
PhÃ²ng chiáº¿u nhá» nhÆ°ng ko cÃ³ cáº£m giÃ¡c ngá»™p nhÆ° lotte. NÃ³i chung lÃ  ok.,4 nÄƒm trÆ°á»›c,4 sao,hÃ i lÃ²ng
"Ráº¡p má»›i nhÆ°ng mÃ n hÃ¬nh sÃ¡t quÃ¡, lá»‘i Ä‘i hÆ¡i báº¥t tiá»‡n.",4 nÄƒm trÆ°á»›c,4 sao,hÃ i lÃ²ng
"NhÃ¢n viÃªn dá»… thÆ°Æ¡ng, phá»¥ vá»¥ tá»‘t. Ráº¡p mÃ¡t máº», sáº¡ch sáº½",4 nÄƒm trÆ°á»›c,5 sao,hÃ i lÃ²ng
"Ráº¡p chiáº¿u phim á»Ÿ Ä‘Ã¢y khÃ¡ nhá», cháº¥t lÆ°á»£ng vá»«a pháº£i",5 nÄƒm trÆ°á»›c,3 sao,trung bÃ¬nh
"Xem phim giÃ¡ khÃ¡ ráº» , cÃ³ cáº£ giáº£i trÃ­ khÃ¡ vui",3 nÄƒm trÆ°á»›c,5 sao,hÃ i lÃ²ng
"Ráº¡p má»›i nÃªn mÃ n chiáº¿u, gháº¿ vÃ  Ã¢m thanh ráº¥t tuyá»‡t vá»i",5 nÄƒm trÆ°á»›c,4 sao,hÃ i lÃ²ng
"KhÃ´nh gian Ä‘áº¹p, dá»‹ch vá»¥ tá»‘t, trong ráº¡p thÃ¬ Ã¢m thanh hay",3 nÄƒm trÆ°á»›c,5 sao,hÃ i lÃ²ng
Ráº¡p má»›i sáº¡ch sáº½ nhÆ°ng khÃ¡ nhá» ngá»“i hÃ ng káº¿ cuá»‘i váº«n tháº¥y hÆ¡i Ä‘au máº¯t!,5 nÄƒm trÆ°á»›c,4 sao,hÃ i lÃ²ng
"Sáº¡ch Ä‘áº¹p thoáº£i mÃ¡i tiá»‡n nghi, Ä‘áº·t vÃ© online hÆ¡i báº¥t tiÃªn chÃºt",5 nÄƒm trÆ°á»›c,5 sao,hÃ i lÃ²ng
"Ráº¡p nhá» vá»«a xem, giÃ¡ ráº» phÃ¹ há»£p sinh viÃªn, há»c sinh",3 nÄƒm trÆ°á»›c,4 sao,hÃ i lÃ²ng
TÃ´i tháº¥y Google Maps cÃ²n thiáº¿u nÃªn Ä‘Ã£ thÃªm Ä‘iá»ƒm chiáº¿u phim nÃ y vÃ o,5 nÄƒm trÆ°á»›c,5 sao,hÃ i lÃ²ng
1 sá»± lá»±a chá»n tuyá»‡t vá»i,4 nÄƒm trÆ°á»›c,5 sao,hÃ i lÃ²ng
Ráº¡p cháº¥t lÆ°á»£ng. GiÃ¡ pháº£i chÄƒng. View Ä‘áº¹p. Lá»‹ch sá»±,4 nÄƒm trÆ°á»›c,5 sao,hÃ i lÃ²ng
KhÃ¡ tá»‘t Ä‘á»ƒ xem phim vÃ  giáº£i trÃ­. Vá»‹ trÃ­ thoÃ¡ng dá»… Ä‘i láº¡i vÃ  Ä‘áº­u xe.,5 nÄƒm trÆ°á»›c,4 sao,hÃ i lÃ²ng
"Ráº¡p chiáº¿u chá»‰ tháº¥y phÃ²ng 5 cÃ³ mÃ n hÃ¬nh cong, phÃ²ng khÃ¡c nhá»",5 nÄƒm trÆ°á»›c,3 sao,trung bÃ¬nh
"Tiá»‡n Ä‘Æ°á»ng, gá»Ÿi xe 3k.  Ráº¡p rá»™ng,  mÃ n chiáº¿u rá»™ng,  gháº¿ ngá»“i há»£p lÃ­",4 nÄƒm trÆ°á»›c,4 sao,hÃ i lÃ²ng
"Ráº¡p rá»™ng rÃ£i, Ä‘iá»u hoÃ  vá»«a pháº£i k quÃ¡ láº¡nh nhÆ° lotte",4 nÄƒm trÆ°á»›c,5 sao,hÃ i lÃ²ng
"5 sao cho ráº¡p, dá»‹ch vá»¥ ok, giÃ¡ thÃ nh Há»£p lÃ½",3 nÄƒm trÆ°á»›c,5 sao,hÃ i lÃ²ng
Äi nhÆ° bao ráº¡p.kkk,4 nÄƒm trÆ°á»›c,5 sao,hÃ i lÃ²ng
"Ráº¡p chiáº¿u phim má»›i, nhÃ¢n viÃªn nhiá»‡t tÃ¬nh.",4 nÄƒm trÆ°á»›c,4 sao,hÃ i lÃ²ng
Rep ráº¥t ok. NhÃ¢n viÃªn thÃ¢n thiá»‡n vÃ  báº¯p cÅ©ng ráº¥t ngon,5 nÄƒm trÆ°á»›c,5 sao,hÃ i lÃ²ng
Gháº¿ ngá»“i hÆ¡i khÃ³ xem. MÃ n hÃ¬nh rá»™ng quÃ¡ nÃªn ngá»“i xem má»‡t máº¯t láº¯m ğŸ˜¥ â€¦,3 nÄƒm trÆ°á»›c,3 sao,trung bÃ¬nh
"Phim hay vÃ  nhÃ¢n viÃªn thÃ¢n thiá»‡n
VÃ .. VÃ  cÃ³ trai Ä‘áº¹p",3 nÄƒm trÆ°á»›c,5 sao,hÃ i lÃ²ng
"Ráº¡p phim phong cÃ¡ch hiá»‡n Ä‘áº¡i, mÃ n hÃ¬nh to coi ráº¥t sÆ°á»›ng",4 nÄƒm trÆ°á»›c,5 sao,hÃ i lÃ²ng
Ráº¡p chiáº¿u phim Ä‘áº¹p,8 thÃ¡ng trÆ°á»›c,5 sao,hÃ i lÃ²ng
"GiÃ¡ vÃ© hÆ¡i cao, nhÃ¢n viÃªn nhiá»‡t tÃ¬nh",4 nÄƒm trÆ°á»›c,4 sao,hÃ i lÃ²ng
"Ä‘áº¹p, káº¿ bÃªn helio nÃªn lÃ  khu vui chÆ¡i khÃ¡ thÃº vá»‹",4 nÄƒm trÆ°á»›c,5 sao,hÃ i lÃ²ng
"Nhá» quÃ¡, hÃ ng gháº¿ Ä‘áº§u chá»‰ cÃ¡ch mÃ n hÃ¬nh khoáº£ng 3m?!!",4 nÄƒm trÆ°á»›c,2 sao,khÃ´ng hÃ i lÃ²ng
Chá»— ngá»“i hÆ¡i sÃ¡t mÃ n hÃ¬nh so vs nhá»¯ng ráº¡p khÃ¡c.,4 nÄƒm trÆ°á»›c,3 sao,trung bÃ¬nh
Gháº¿ hÆ¡i cá»©ng..cÃ²n láº¡i má»i thá»© ráº¥t tá»‘t.,má»™t nÄƒm trÆ°á»›c,4 sao,hÃ i lÃ²ng
Háº¹n metiz vÃ o má»™t khÃ¡c Ä‘áº§y náº¯ng vÃ  giÃ³ :3,má»™t nÄƒm trÆ°á»›c,5 sao,hÃ i lÃ²ng
"View chá»¥p áº£nh Ä‘áº¹p, cháº¥t lÆ°á»£ng xem phim tá»‘t:v",4 nÄƒm trÆ°á»›c,5 sao,hÃ i lÃ²ng
Báº¯p á»Ÿ metiz siÃªu ngonnn,10 thÃ¡ng trÆ°á»›c,5 sao,hÃ i lÃ²ng
NgoÃ i sÆ° lÆ°a chon cgv. Báº¡n cÃ³ thá»ƒ Ä‘áº¿n Ä‘Ã¢y xem phim,3 nÄƒm trÆ°á»›c,5 sao,hÃ i lÃ²ng
Tuyá»‡t. Dá»‹ch vá»¥ tá»‘t. áº¨m thá»±c thÃ¬ Ä‘Æ°á»£c. GiÃ¡ cháº¥p nháº­n.,4 nÄƒm trÆ°á»›c,5 sao,hÃ i lÃ²ng
"Ráº¡p nhá», gháº¿ gáº§n mÃ n hÃ¬nh, xem nhá»©c máº¯t quÃ¡",5 nÄƒm trÆ°á»›c,3 sao,trung bÃ¬nh
"Very pleasure with the services here. Friendly customers.
Cá»±c hÃ i lÃ²ng vá»›i dá»‹ch vá»¥ á»Ÿ Ä‘Ã¢y. NhÃ¢n viÃªn thÃ¢n thiá»‡n.",5 nÄƒm trÆ°á»›c,5 sao,hÃ i lÃ²ng
"Vá»«a má»Ÿ cá»­a ,  phá»¥c vá»¥ tá»‘t.
Xem. Film cÅ©ng táº¡m á»•n",5 nÄƒm trÆ°á»›c,4 sao,hÃ i lÃ²ng
ÄÃ£ cÃ³ vÃ© qua mail rá»“i cÃ²n báº¯t láº¥y vÃ© giáº¥y,4 nÄƒm trÆ°á»›c,2 sao,khÃ´ng hÃ i lÃ²ng
"Ráº¥t oke. Coi phim mÃ ng hÃ¬nh to, coi ráº¥y Ä‘Ã£",5 nÄƒm trÆ°á»›c,5 sao,hÃ i lÃ²ng
Äáº¹p,2 thÃ¡ng trÆ°á»›c,4 sao,hÃ i lÃ²ng
"bÃ£i giá»¯ xe hÆ¡i náº¯ng, dá»‹ch vá»¥ cÆ¡ báº£n Ä‘Æ°á»£c",2 nÄƒm trÆ°á»›c,3 sao,trung bÃ¬nh
"Ráº¡p cháº¥t lÆ°á»£ng, nhÃ¢n viÃªn phá»¥c vá»¥ ráº¥t tá»‘t",4 nÄƒm trÆ°á»›c,4 sao,hÃ i lÃ²ng
"Tá»‘t, giÃ¡ há»£p lÃ½ cÃ³ khu sá»‘ng áº£o hehe",4 nÄƒm trÆ°á»›c,5 sao,hÃ i lÃ²ng
Äáº¹p vÃ  ráº». CÃ³ nhiá»u Æ°u Ä‘Ã£i háº¥p dáº«n,4 nÄƒm trÆ°á»›c,4 sao,hÃ i lÃ²ng
"Phá»¥c vá»¥ tá»‘t, view Ä‘áº¹p, cháº¥t lÆ°á»£ng phÃ²ng chiáº¿u cao",3 nÄƒm trÆ°á»›c,5 sao,hÃ i lÃ²ng
"Chá»¥p hÃ¬nh sá»‘ng áº£o á»Ÿ Metiz cá»±c Ä‘Æ°á»£c nuÃ´n nhÃ©  :""333",4 nÄƒm trÆ°á»›c,5 sao,hÃ i lÃ²ng
Tuyá»‡t vá»i,7 thÃ¡ng trÆ°á»›c,5 sao,hÃ i lÃ²ng
Táº§m nhÃ¬n hÆ¡i gáº§n. NhÆ°ng Ä‘áº¹p vÃ  Ã¢m thanh tá»‘t,5 nÄƒm trÆ°á»›c,4 sao,hÃ i lÃ²ng
CÃ²n Ä‘á»™c thÃ¢n cáº§n kiáº¿m pÃ© Ä‘i xem phim chung.hihi,4 nÄƒm trÆ°á»›c,5 sao,hÃ i lÃ²ng
"phÃ²ng sang , sáº¡ch sáº½. Ã¢m thanh tá»‘t. lá»‘i Ä‘i hÆ¡i nhá» . GiÃ¡ tá»‘t",5 nÄƒm trÆ°á»›c,5 sao,hÃ i lÃ²ng
Má»i thá»© Ä‘á»u oke. Trá»« viá»‡c gháº¿ hÆ¡i nhá»,2 nÄƒm trÆ°á»›c,4 sao,hÃ i lÃ²ng
"Gháº¿ thoáº£i mÃ¡i, báº¯p ngon, Ã¢m thanh sá»‘ng Ä‘á»™ng",4 nÄƒm trÆ°á»›c,5 sao,hÃ i lÃ²ng
Xem phim Ä‘áº¿m khÃ´ng xuá»ƒ. HÃ i lÃ²ng.,3 nÄƒm trÆ°á»›c,5 sao,hÃ i lÃ²ng
Cháº¥t lÆ°á»£ng ráº¡p cÅ©ng nhÆ° phá»¥c vá»¥ ráº¥t tá»‘t,4 nÄƒm trÆ°á»›c,5 sao,hÃ i lÃ²ng
NÆ¡i phá»¥c vá»¥ vÃ  ká»· niá»‡m khÃ³ quÃªn Ä‘á»‘i vá»›i tÃ´i,4 nÄƒm trÆ°á»›c,5 sao,hÃ i lÃ²ng
ChÃ¢n Ã¡i lun r trá»« cÃ¡i ráº¡p hÆ¡i nhá»,2 nÄƒm trÆ°á»›c,5 sao,hÃ i lÃ²ng
KhÃ¡ tá»‘t,4 nÄƒm trÆ°á»›c,5 sao,hÃ i lÃ²ng
"Bth, ráº¡p hÆ¡i nhá», cÃ³ khu vui chÆ¡i",5 nÄƒm trÆ°á»›c,4 sao,hÃ i lÃ²ng
RaÌ£p hÆ¡i nhoÌ‰ nhÆ°ng Ä‘uÌ‰ Ä‘ÃªÌ‰ traÌ‰i nghiÃªÌ£m,4 nÄƒm trÆ°á»›c,5 sao,hÃ i lÃ²ng
"Ráº¡p sáº¡ch sáº½, thoÃ¡ng mÃ¡t, nháº­n viÃªn thÃ¢n thiá»‡n",4 nÄƒm trÆ°á»›c,5 sao,hÃ i lÃ²ng
Ráº¡p phim khÃ¡ á»•n,11 thÃ¡ng trÆ°á»›c,5 sao,hÃ i lÃ²ng
GiÃ¡ vÃ© tá»‘t phá»¥ vá»¥ chu Ä‘Ã¡o,4 nÄƒm trÆ°á»›c,5 sao,hÃ i lÃ²ng
MÃ¬nh coi frozen 2 bá»‹ tua máº¥t Ä‘oáº¡n cuá»‘i,4 nÄƒm trÆ°á»›c,3 sao,trung bÃ¬nh
TÆ°Æ¡ng Ä‘á»‘i ok. NhÃ¢n viÃªn thÃ¢n thiá»‡n.,4 nÄƒm trÆ°á»›c,4 sao,hÃ i lÃ²ng
KhÃ´ng gian tá»‘t vÃ© vá»«a tÃºi tiá»n,4 nÄƒm trÆ°á»›c,5 sao,hÃ i lÃ²ng
"MÃ n hÃ¬nh quÃ¡ gáº§n, coi xong Ä‘Ã¹ ngÆ°á»i",3 nÄƒm trÆ°á»›c,3 sao,trung bÃ¬nh
Helio vÃ  metiz cinema Ä‘iá»ƒm Ä‘áº¿n  cuá»‘i tuáº§n tuyá»‡t vá»i,4 nÄƒm trÆ°á»›c,5 sao,hÃ i lÃ²ng
nÆ¡i thÆ° giÃ£n phÃ¹ há»£p,11 thÃ¡ng trÆ°á»›c,4 sao,hÃ i lÃ²ng
"KhÃ¡ rá»™ng, khu vui chÆ¡i Ä‘a dáº¡ng.",4 nÄƒm trÆ°á»›c,4 sao,hÃ i lÃ²ng
Äáº§y Ä‘á»§ cÃ¡c thá»ƒ loáº¡i giáº£i trÃ­,má»™t nÄƒm trÆ°á»›c,5 sao,hÃ i lÃ²ng
"Äi xem nhá»› mang theo Ã¡o khoÃ¡c
Tuyá»‡t vá»i",4 nÄƒm trÆ°á»›c,5 sao,hÃ i lÃ²ng
"Gháº¿ ngá»“i thoáº£i mÃ¡i, mÃ n hÃ¬nh xem rá»™ng",5 nÄƒm trÆ°á»›c,5 sao,hÃ i lÃ²ng
"Báº¯p phÃ´ mai ngon, mÃ  háº¿t hÆ¡i nhanh",3 nÄƒm trÆ°á»›c,5 sao,hÃ i lÃ²ng
Cáº§n cáº£i thiá»‡n há»‡ thá»‘ng Ä‘áº·t vÃ© online,3 nÄƒm trÆ°á»›c,1 sao,khÃ´ng hÃ i lÃ²ng
"Táº¡m á»•n, giÃ¡ vÃ© khÃ¡ má»m.",4 nÄƒm trÆ°á»›c,4 sao,hÃ i lÃ²ng
KhaÌch Ä‘Ã´ng vui veÌ‰ Ä‘i xem phim,3 nÄƒm trÆ°á»›c,5 sao,hÃ i lÃ²ng
ThoÃ¡ng mÃ¡t. GiÃ¡ phim ráº»,má»™t nÄƒm trÆ°á»›c,5 sao,hÃ i lÃ²ng
Ráº¡p khÃ¡ lÃ  sáº¡ch vÃ  ráº¥t lÃ  thoÃ¡ng,4 nÄƒm trÆ°á»›c,4 sao,hÃ i lÃ²ng
"GiÃ¡ ráº», dá»‹ch vá»¥ tá»‘t",2 nÄƒm trÆ°á»›c,5 sao,hÃ i lÃ²ng
"Nhiá»u trÃ² giáº£i trÃ­, há»£p cho tráº» em!",4 nÄƒm trÆ°á»›c,4 sao,hÃ i lÃ²ng
"Ráº¡p nhá», phÃ²nh chá» Ä‘áº¹p.",5 nÄƒm trÆ°á»›c,3 sao,trung bÃ¬nh
MÃ n hÃ¬nh lá»›n. NÃªn ngá»“i tá»« hÃ ng F,5 nÄƒm trÆ°á»›c,4 sao,hÃ i lÃ²ng
Rá»™ng rÃ£i . Ko gian ráº¥t thoáº£i mÃ¡i,3 nÄƒm trÆ°á»›c,4 sao,hÃ i lÃ²ng
Gháº¿ ngá»“i khÃ´ng sÆ°á»›ng thÃ´i cÃ²n láº¡i tá»‘t hÃªta,4 nÄƒm trÆ°á»›c,4 sao,hÃ i lÃ²ng
Ko coÌ ghÃªÌ cho bÃ´Ì xem nhaÌ,4 nÄƒm trÆ°á»›c,1 sao,khÃ´ng hÃ i lÃ²ng
"GiÃ¡ ráº», nhÃ¢n viÃªn nhiá»‡t tÃ¬nh",4 nÄƒm trÆ°á»›c,5 sao,hÃ i lÃ²ng
"Tá»›i Ä‘Ã¢y láº§n thá»© 3 rá»“i , ráº¥t ráº¥t ráº¥t hÃ i lÃ²ng",4 nÄƒm trÆ°á»›c,5 sao,hÃ i lÃ²ng
YÃªu,má»™t nÄƒm trÆ°á»›c,5 sao,hÃ i lÃ²ng
"Ráº¡p oke, chá» hÆ¡i lÃ¢u.",4 nÄƒm trÆ°á»›c,4 sao,hÃ i lÃ²ng
Phá»¥c vá»¥ nhanh nhÃ¢n viÃªn vui tÃ­nh,4 nÄƒm trÆ°á»›c,5 sao,hÃ i lÃ²ng
"GiÃ¡ cáº£ há»£p lÃ½, ráº¡p chuáº©n",5 nÄƒm trÆ°á»›c,5 sao,hÃ i lÃ²ng
"RaÌ£p mÆ¡Ìi Ä‘eÌ£p, hÆ¡i nhoÌ‰",5 nÄƒm trÆ°á»›c,4 sao,hÃ i lÃ²ng
MÃ¡y chiáº¿u ráº¡p 5 xem khÃ¡ má»,4 nÄƒm trÆ°á»›c,3 sao,trung bÃ¬nh
NhÃ¢n viÃªn á»Ÿ Ä‘Ã¢y ráº¥t tá»‘t.,4 nÄƒm trÆ°á»›c,5 sao,hÃ i lÃ²ng
BÃ¡n vÃ© lá»—i quÃ¡.BÃ¡n Ä‘Æ°á»ng dáº«n náº»o,3 nÄƒm trÆ°á»›c,1 sao,khÃ´ng hÃ i lÃ²ng
"NÆ¡i xem phim thÃº vá»‹
Oke",11 thÃ¡ng trÆ°á»›c,5 sao,hÃ i lÃ²ng
BÃ¬nh thÆ°á»ng nhÆ° má»i ráº¡p :),2 nÄƒm trÆ°á»›c,3 sao,trung bÃ¬nh
"Ráº¡p Ä‘áº¹p, giÃ¡ vÃ© ráº»",4 nÄƒm trÆ°á»›c,5 sao,hÃ i lÃ²ng
Äáº¹p cáº£ ngÆ°á»i lÃ¢n cáº£nh =)),4 nÄƒm trÆ°á»›c,5 sao,hÃ i lÃ²ng
ThÃ­ch. 1 sá»‘ ráº¡p hÆ¡i bÃ©,5 nÄƒm trÆ°á»›c,5 sao,hÃ i lÃ²ng
nay sá»­a láº¡i tháº¥y ok hÆ¡n nhiá»u,4 nÄƒm trÆ°á»›c,5 sao,hÃ i lÃ²ng
"NhÃ¢n viÃªn ok,phÃ²ng sáº¡ch sáº½",4 nÄƒm trÆ°á»›c,5 sao,hÃ i lÃ²ng
"man hinh to, ghe ngoi ok, nhan vien niem no",5 nÄƒm trÆ°á»›c,4 sao,hÃ i lÃ²ng
Xem phim khÃ¡ ok,4 nÄƒm trÆ°á»›c,5 sao,hÃ i lÃ²ng
"GiÃ¡ ráº», khÃ´ng gian Ä‘áº¹p.",4 nÄƒm trÆ°á»›c,5 sao,hÃ i lÃ²ng
"Tráº£i nghiá»‡m tá»‘t, giÃ¡ vÃ© tháº¥p",5 nÄƒm trÆ°á»›c,5 sao,hÃ i lÃ²ng
NÆ¡i giáº£i trÃ­ tuyá»‡t vá»i táº¡i ÄÃ  Náºµng,5 nÄƒm trÆ°á»›c,5 sao,hÃ i lÃ²ng
má»ng ráº¡p lÃ m cÃ¡i sweetbox <3,4 nÄƒm trÆ°á»›c,5 sao,hÃ i lÃ²ng
Ráº¥t tiá»‡n cho má»i ngÆ°á»i,5 nÄƒm trÆ°á»›c,5 sao,hÃ i lÃ²ng
QuÃ¡ Ä‘Ã´ng. Äi trá»… háº¿t phim,4 nÄƒm trÆ°á»›c,5 sao,hÃ i lÃ²ng
"Sáº¡ch sáº½, nhÃ¢n viÃªn thÃ¢n thiá»‡n",3 nÄƒm trÆ°á»›c,5 sao,hÃ i lÃ²ng
Tuyá»‡t vá»i,má»™t nÄƒm trÆ°á»›c,5 sao,hÃ i lÃ²ng
"PhÃ²ng chiáº¿u sáº£nh Ä‘áº¹p, tá»‘t",5 nÄƒm trÆ°á»›c,5 sao,hÃ i lÃ²ng
"Má»›i xem Endgame, cháº¥t lÆ°á»£ng ok",4 nÄƒm trÆ°á»›c,5 sao,hÃ i lÃ²ng
MÃ¡t máº». Sáº¡ch sáº½. Vui váº» ğŸ˜…ğŸ˜…ğŸ˜… â€¦,4 nÄƒm trÆ°á»›c,5 sao,hÃ i lÃ²ng
"Ráº¡p cÃ³ gháº¿ da, ok",4 nÄƒm trÆ°á»›c,4 sao,hÃ i lÃ²ng
"lá»‹ch sá»±, Ä‘Ã ng hoÃ ng, sáº¡ch sáº½, Ä‘Æ°á»£c !",4 nÄƒm trÆ°á»›c,5 sao,hÃ i lÃ²ng
GiÃ¡ cáº£ há»£p lÃ½,4 nÄƒm trÆ°á»›c,5 sao,hÃ i lÃ²ng
ráº¡p ráº» vÃ  cháº¥t lÆ°á»£ng,4 nÄƒm trÆ°á»›c,5 sao,hÃ i lÃ²ng
Coi phim Ä‘Ã£ láº¯m,3 nÄƒm trÆ°á»›c,5 sao,hÃ i lÃ²ng
Dá»‹ch vá»¥ tá»‘t ráº¥t hÃ i lÃ²ng,4 nÄƒm trÆ°á»›c,5 sao,hÃ i lÃ²ng
Ráº¥t Ä‘a dáº¡ng vÃ  phong phÃº,4 nÄƒm trÆ°á»›c,4 sao,hÃ i lÃ²ng
Ráº¡p xem phim tá»‘t,2 nÄƒm trÆ°á»›c,5 sao,hÃ i lÃ²ng
cÃ³ do Äƒn ngon,4 nÄƒm trÆ°á»›c,4 sao,hÃ i lÃ²ng
KhÃ´ng Ä‘Æ°á»£c Ä‘Ã£ cho láº¯m,5 nÄƒm trÆ°á»›c,1 sao,khÃ´ng hÃ i lÃ²ng
"sáº¡ch, Ä‘áº¹p, thoáº£i mÃ¡i",3 nÄƒm trÆ°á»›c,5 sao,hÃ i lÃ²ng
toilet Ä‘Ã¨n lÃºc sÃ¡ng lÃºc táº¯t,5 nÄƒm trÆ°á»›c,3 sao,trung bÃ¬nh
ráº¡p bÃ i trÃ­ áº¥n tÆ°á»£ng,4 nÄƒm trÆ°á»›c,5 sao,hÃ i lÃ²ng
Ráº¡p phim hay :)),3 nÄƒm trÆ°á»›c,5 sao,hÃ i lÃ²ng
Ráº¥t Ä‘áº¹p,2 nÄƒm trÆ°á»›c,5 sao,hÃ i lÃ²ng
Ok nhağŸ¥´ğŸ¥´ â€¦,2 nÄƒm trÆ°á»›c,5 sao,hÃ i lÃ²ng
Ráº¡p chiáº¿u phim OK,3 nÄƒm trÆ°á»›c,4 sao,hÃ i lÃ²ng
Xem phim tuyá»‡t vá»i,5 nÄƒm trÆ°á»›c,5 sao,hÃ i lÃ²ng
MÃ¡t máº» . há»£p tÃºi tiá»n,4 nÄƒm trÆ°á»›c,4 sao,hÃ i lÃ²ng
Ráº¥t Ä‘áº¹p vÃ  mÃ¡t,4 nÄƒm trÆ°á»›c,5 sao,hÃ i lÃ²ng
Tuyá»‡t vá»i,3 nÄƒm trÆ°á»›c,5 sao,hÃ i lÃ²ng
Cháº¥t lÆ°á»£ng Ã¢m thanh tá»‘t,2 nÄƒm trÆ°á»›c,4 sao,hÃ i lÃ²ng
Má»™t tráº£i nghiá»‡m tuyá»‡t vá»i,4 nÄƒm trÆ°á»›c,5 sao,hÃ i lÃ²ng
Tá»‘t,10 thÃ¡ng trÆ°á»›c,5 sao,hÃ i lÃ²ng
"ThÃº vá»‹, khÃ´ng gian Ä‘ep",4 nÄƒm trÆ°á»›c,5 sao,hÃ i lÃ²ng
Ráº¥t Tá»‘t!,4 nÄƒm trÆ°á»›c,5 sao,hÃ i lÃ²ng
Ráº¡p khÃ¡ á»•n,3 nÄƒm trÆ°á»›c,3 sao,trung bÃ¬nh
KhÃ¡ tá»‘t,5 nÄƒm trÆ°á»›c,4 sao,hÃ i lÃ²ng
CÅ©ng á»•n,5 nÄƒm trÆ°á»›c,4 sao,hÃ i lÃ²ng
Ráº¡p nÃ y chuáº©n,4 nÄƒm trÆ°á»›c,5 sao,hÃ i lÃ²ng
Ráº¥t ok,4 nÄƒm trÆ°á»›c,5 sao,hÃ i lÃ²ng
Ráº¡p hÆ¡i nhá»,4 nÄƒm trÆ°á»›c,3 sao,trung bÃ¬nh
KhÃ´ng gian Ä‘áº¹p,5 nÄƒm trÆ°á»›c,4 sao,hÃ i lÃ²ng
RÃ¢t tá»‘t,4 nÄƒm trÆ°á»›c,5 sao,hÃ i lÃ²ng
Ráº¥t vui,4 nÄƒm trÆ°á»›c,5 sao,hÃ i lÃ²ng
NhÃ¢n viÃªn xinh cá»±c ğŸ¤£ â€¦,3 nÄƒm trÆ°á»›c,5 sao,hÃ i lÃ²ng
KhÃ¡ ok,4 nÄƒm trÆ°á»›c,5 sao,hÃ i lÃ²ng
KhÃ¡ sáº¡ch,4 nÄƒm trÆ°á»›c,5 sao,hÃ i lÃ²ng
á»”n,má»™t nÄƒm trÆ°á»›c,5 sao,hÃ i lÃ²ng
Ráº¡p coi sÆ°á»›ng,3 nÄƒm trÆ°á»›c,5 sao,hÃ i lÃ²ng
KhÃ¡ tuyá»‡t,4 nÄƒm trÆ°á»›c,2 sao,khÃ´ng hÃ i lÃ²ng
"PhÃ²ng nhá», toilet xa!",4 nÄƒm trÆ°á»›c,3 sao,trung bÃ¬nh
Thoáº£i mÃ¡i,4 nÄƒm trÆ°á»›c,5 sao,hÃ i lÃ²ng
Sáº½ ko bao h Ä‘áº¿n Ä‘Ã¢y láº§n nÃ o ná»¯a ğŸ˜¡ğŸ˜¡ğŸ˜¡ğŸ˜¡ğŸ˜¡ğŸ˜¡ğŸ˜¡ğŸ˜¡ğŸ˜¡ğŸ˜¡ğŸ˜¡ğŸ˜¡ğŸ˜¡ â€¦,4 nÄƒm trÆ°á»›c,1 sao,khÃ´ng hÃ i lÃ²ng
"PhÃ²ng nhá», gháº¿ ngá»“i nhá», cá»©ng",4 nÄƒm trÆ°á»›c,2 sao,khÃ´ng hÃ i lÃ²ng
xem phim toÃ n phim má»›i,4 nÄƒm trÆ°á»›c,5 sao,hÃ i lÃ²ng
"RaÌ£p nhoÌ‰, saÌt mÄƒÌt",5 nÄƒm trÆ°á»›c,5 sao,hÃ i lÃ²ng
Dá»‹ch vá»¥ ráº¥t tá»‘t,5 nÄƒm trÆ°á»›c,5 sao,hÃ i lÃ²ng
Phá»¥c vá»¥ tá»‘t,4 nÄƒm trÆ°á»›c,4 sao,hÃ i lÃ²ng
Ráº¡p hÆ¡ nhá»,5 nÄƒm trÆ°á»›c,4 sao,hÃ i lÃ²ng
táº¡m Ä‘Æ°á»£c,2 nÄƒm trÆ°á»›c,3 sao,trung bÃ¬nh
Táº¡m á»•n.,5 nÄƒm trÆ°á»›c,4 sao,hÃ i lÃ²ng
Ráº» vÃ  sáº¡ch,3 nÄƒm trÆ°á»›c,5 sao,hÃ i lÃ²ng
Phim hay,3 nÄƒm trÆ°á»›c,4 sao,hÃ i lÃ²ng
Tá»‘t,má»™t nÄƒm trÆ°á»›c,5 sao,hÃ i lÃ²ng
Dá»‹ch vá»¥ tá»‘t,4 nÄƒm trÆ°á»›c,5 sao,hÃ i lÃ²ng
Ráº¡p Ä‘áº¹p,4 nÄƒm trÆ°á»›c,4 sao,hÃ i lÃ²ng
cuÌƒng Ä‘c.,4 nÄƒm trÆ°á»›c,4 sao,hÃ i lÃ²ng
Ráº¡p tá»‘t,3 nÄƒm trÆ°á»›c,5 sao,hÃ i lÃ²ng
"Ráº¡p nhá» ,cute",4 nÄƒm trÆ°á»›c,5 sao,hÃ i lÃ²ng
Tráº£i nghiá»‡m tuyá»‡t vá»i,4 nÄƒm trÆ°á»›c,5 sao,hÃ i lÃ²ng
HÆ¡i Ã­t phim,5 nÄƒm trÆ°á»›c,5 sao,hÃ i lÃ²ng
Ráº¡p hÆ¡i bÃ©,5 nÄƒm trÆ°á»›c,5 sao,hÃ i lÃ²ng
KhÃ¡ sáº¡ch sáº½,4 nÄƒm trÆ°á»›c,4 sao,hÃ i lÃ²ng
Ráº¡p phim,3 nÄƒm trÆ°á»›c,4 sao,hÃ i lÃ²ng
CÅ©ng dc :D,5 nÄƒm trÆ°á»›c,4 sao,hÃ i lÃ²ng
Nhá» nhá»,5 nÄƒm trÆ°á»›c,4 sao,hÃ i lÃ²ng
Táº¡m Ä‘Æ°á»£c,5 nÄƒm trÆ°á»›c,4 sao,hÃ i lÃ²ng
View Ä‘áº¹p,4 nÄƒm trÆ°á»›c,5 sao,hÃ i lÃ²ng
"rá»™ng, ráº¡p má»›i",4 nÄƒm trÆ°á»›c,4 sao,hÃ i lÃ²ng
TaÌ£m Ã´Ì‰n,4 nÄƒm trÆ°á»›c,5 sao,hÃ i lÃ²ng
TrÃªn cáº£ tuyá»‡t vá»i,4 nÄƒm trÆ°á»›c,5 sao,hÃ i lÃ²ng
thÃ­ch,má»™t nÄƒm trÆ°á»›c,5 sao,hÃ i lÃ²ng
Ráº¡p hÆ¡i nhá»,5 nÄƒm trÆ°á»›c,4 sao,hÃ i lÃ²ng
Tuyá»‡t vá»i,4 nÄƒm trÆ°á»›c,5 sao,hÃ i lÃ²ng
ThÃ­ch 4 sao,4 nÄƒm trÆ°á»›c,4 sao,hÃ i lÃ²ng
Äáº¹p.,4 nÄƒm trÆ°á»›c,5 sao,hÃ i lÃ²ng
CÅ©ng Ä‘Æ°á»£c â€¦,3 nÄƒm trÆ°á»›c,5 sao,hÃ i lÃ²ng
Cháº¥t lÆ°á»£ng tá»‘t.,4 nÄƒm trÆ°á»›c,5 sao,hÃ i lÃ²ng
Tá»‘t.,5 nÄƒm trÆ°á»›c,5 sao,hÃ i lÃ²ng
Tuyá»‡t vá»i,4 nÄƒm trÆ°á»›c,5 sao,hÃ i lÃ²ng
Phá»¥c vá»¥ tá»‘t,4 nÄƒm trÆ°á»›c,5 sao,hÃ i lÃ²ng
Phim,2 nÄƒm trÆ°á»›c,3 sao,trung bÃ¬nh
Hay,má»™t nÄƒm trÆ°á»›c,5 sao,hÃ i lÃ²ng
"MÃ¡t, sáº¡ch sáº½,duyá»‡t",4 nÄƒm trÆ°á»›c,4 sao,hÃ i lÃ²ng
Phim hay,5 nÄƒm trÆ°á»›c,5 sao,hÃ i lÃ²ng
Tuyá»‡t vá»i!,3 nÄƒm trÆ°á»›c,5 sao,hÃ i lÃ²ng
Vui,3 nÄƒm trÆ°á»›c,5 sao,hÃ i lÃ²ng
Tuyá»‡t,3 nÄƒm trÆ°á»›c,5 sao,hÃ i lÃ²ng
Äáº¹p,4 nÄƒm trÆ°á»›c,5 sao,hÃ i lÃ²ng
ÄÆ°á»£c,4 nÄƒm trÆ°á»›c,5 sao,hÃ i lÃ²ng
Táº¡m á»•n,4 nÄƒm trÆ°á»›c,4 sao,hÃ i lÃ²ng
Dá»‹ch vá»¥ tá»‘t,5 nÄƒm trÆ°á»›c,5 sao,hÃ i lÃ²ng
Ráº¡p Ä‘áº¹p,3 nÄƒm trÆ°á»›c,5 sao,hÃ i lÃ²ng
Tuyá»‡t vá»i.,4 nÄƒm trÆ°á»›c,5 sao,hÃ i lÃ²ng
HoÃ nh trÃ¡ng,má»™t nÄƒm trÆ°á»›c,5 sao,hÃ i lÃ²ng
Dc,2 nÄƒm trÆ°á»›c,5 sao,hÃ i lÃ²ng
Hay,2 nÄƒm trÆ°á»›c,5 sao,hÃ i lÃ²ng
Táº¡m,5 nÄƒm trÆ°á»›c,4 sao,hÃ i lÃ²ng
ÄeÌ£p,5 nÄƒm trÆ°á»›c,4 sao,hÃ i lÃ²ng
Hay,5 nÄƒm trÆ°á»›c,5 sao,hÃ i lÃ²ng
Hay,5 nÄƒm trÆ°á»›c,4 sao,hÃ i lÃ²ng
Hay,4 nÄƒm trÆ°á»›c,5 sao,hÃ i lÃ²ng
Dc,4 nÄƒm trÆ°á»›c,3 sao,trung bÃ¬nh
Tuyá»‡t vá»i,4 nÄƒm trÆ°á»›c,5 sao,hÃ i lÃ²ng
Ráº¡p hÆ¡i nhá»,4 nÄƒm trÆ°á»›c,4 sao,hÃ i lÃ²ng
Tá»‘t,2 nÄƒm trÆ°á»›c,5 sao,hÃ i lÃ²ng
Hay,má»™t nÄƒm trÆ°á»›c,5 sao,hÃ i lÃ²ng
Äáº¹p,4 nÄƒm trÆ°á»›c,5 sao,hÃ i lÃ²ng
Phim hay,3 nÄƒm trÆ°á»›c,5 sao,hÃ i lÃ²ng
Tá»‘t,5 nÄƒm trÆ°á»›c,5 sao,hÃ i lÃ²ng
Äáº¹p,4 nÄƒm trÆ°á»›c,5 sao,hÃ i lÃ²ng
Äáº¹p,4 nÄƒm trÆ°á»›c,5 sao,hÃ i lÃ²ng
Äáº¹p,4 nÄƒm trÆ°á»›c,5 sao,hÃ i lÃ²ng
Tá»‘t,4 nÄƒm trÆ°á»›c,4 sao,hÃ i lÃ²ng
Tá»‘t,4 nÄƒm trÆ°á»›c,3 sao,trung bÃ¬nh
Tá»‘t,5 nÄƒm trÆ°á»›c,5 sao,hÃ i lÃ²ng
Ráº¡p Ä‘áº¹p,5 nÄƒm trÆ°á»›c,5 sao,hÃ i lÃ²ng
Äáº¹p,4 nÄƒm trÆ°á»›c,5 sao,hÃ i lÃ²ng
Tá»‘t,2 nÄƒm trÆ°á»›c,5 sao,hÃ i lÃ²ng
Äáº¹p,5 nÄƒm trÆ°á»›c,5 sao,hÃ i lÃ²ng
ÄÆ°á»£c,4 nÄƒm trÆ°á»›c,5 sao,hÃ i lÃ²ng
Äáº¹p,5 nÄƒm trÆ°á»›c,4 sao,hÃ i lÃ²ng
Tá»‘t,4 nÄƒm trÆ°á»›c,5 sao,hÃ i lÃ²ng
Tá»‘t,4 nÄƒm trÆ°á»›c,4 sao,hÃ i lÃ²ng
MÃ¬nh Ä‘i buá»•i trÆ°a nÃªn chá»‰ cÃ³ mÃ¬nh mÃ¬nh. Dá»‹ch vá»¥ váº«n á»•n. Ã‚m thanh vÃ  sÃ ng lá»c tá»‘t Ä‘áº¹p! GiÃ¡ cáº£ há»£p lÃ½. TÃ´i cháº¯c cháº¯n sáº½ quay láº¡i Ä‘Ã¢y má»™t láº§n ná»¯a.,má»™t tuáº§n trÆ°á»›c,5 sao,hÃ i lÃ²ng
"Ráº¡p chiáº¿u phim ráº» vÃ  tá»‘t!! MÃ¬nh Ä‘Ã£ Ä‘i nhiá»u nÆ¡i nhÆ°ng tháº¥y á»Ÿ Ä‘Ã¢y lÃ  á»•n nháº¥t. Ã‚m thanh hÆ¡i tháº¥t vá»ng nhÆ°ng mÃ n hÃ¬nh lá»›n vÃ  gháº¿ ngá»“i Ä‘Æ°á»£c trang bá»‹ tá»‘t.
HÃ ng gháº¿ sau Ä‘Æ°á»£c dÃ nh riÃªng cho cÃ¡c cáº·p Ä‘Ã´i vÃ  báº¥t ká»³ ai cÅ©ng cÃ³ thá»ƒ Ä‘áº·t vÃ© trÆ°á»›c trá»±c tuyáº¿n (náº¿u cÃ³ tháº» tÃ­n dá»¥ng).",7 thÃ¡ng trÆ°á»›c,5 sao,hÃ i lÃ²ng
"Má»™t tÃ²a nhÃ  hoÃ n chá»‰nh dÃ nh cho cÃ¡c hoáº¡t Ä‘á»™ng dÃ nh cho tráº» em á»Ÿ má»i lá»©a tuá»•i. Gymboree dÃ nh cho tráº» má»›i biáº¿t Ä‘i, Ä‘á»“ bÆ¡m hÆ¡i dÃ nh cho tráº» nhá» vÃ  trÃ² chÆ¡i Ä‘iá»‡n tá»­ dÃ nh cho tráº» nhá». Ráº¡p chiáº¿u phim phá»©c há»£p, khu vá»±c chá»— ngá»“i Ä‘áº¹p. Má»™t nÆ¡i Ä‘Æ°á»£c â€¦",4 thÃ¡ng trÆ°á»›c,5 sao,hÃ i lÃ²ng
"TÃ´i Ä‘Ã£ xem má»™t hoáº¡t Ä‘á»™ng khÃ´ng chÃ­nh thá»©c vá»›i báº¡n gÃ¡i cá»§a mÃ¬nh trÃªn gháº¿ cáº·p Ä‘Ã´i.
2 cáº·p Ä‘Ã´i Ä‘Æ°á»£c Ä‘á»™c quyá»n vÃ o toÃ n bá»™ ráº¡p hÃ¡t. cÆ°á»i â€¦",4 thÃ¡ng trÆ°á»›c,5 sao,hÃ i lÃ²ng
"CÃ³ láº½ vÃ¬ chá»£ Ä‘Ãªm Helio náº±m ngay cáº¡nh nÃªn cuá»‘i tuáº§n ráº¥t Ä‘Ã´ng Ä‘Ãºc. (Náº¿u báº¡n Ä‘i vÃ o ngÃ y thÆ°á»ng thÃ¬ háº§u nhÆ° khÃ´ng cÃ³ ngÆ°á»i.)
Khu trÃ² chÆ¡i Ä‘iá»‡n tá»­ thá»±c sá»± lá»›n vÃ  cÆ¡ sá»Ÿ váº­t cháº¥t cÅ©ng ráº¥t tá»‘t. â€¦",má»™t nÄƒm trÆ°á»›c,5 sao,hÃ i lÃ²ng
"cháº¥t lÆ°á»£ng tá»‘t vá»›i chi phÃ­ tháº¥p, yÃªu thÃ­ch bá»ng ngÃ´ caramel vÃ  phÃ´ mai
45.000Ä‘/vÃ©",7 thÃ¡ng trÆ°á»›c,5 sao,hÃ i lÃ²ng
"CÃ³ má»™t ráº¡p chiáº¿u phim, má»™t khu trÃ² chÆ¡i Ä‘iá»‡n tá»­ vÃ  má»™t cÃ´ng viÃªn dÃ nh cho tráº» em.
Má»™t pháº§n tráº§n nhÃ  Ä‘Æ°á»£c trang trÃ­ Ä‘áº¹p máº¯t báº±ng nhá»¯ng chiáº¿c Ä‘Ã¨n lá»“ng, ngoÃ i ra khÃ´ng cÃ³ gÃ¬ khÃ¡c.",má»™t nÄƒm trÆ°á»›c,3 sao,trung bÃ¬nh
